daily_active_users_per_1k,avg_session_duration,screens_per_session,conversion_rate,retention_30d,crash_rate_per_1k,avg_latency_ms,support_tickets_per_1k_users,bug_fix_time_days,deployment_frequency_per_month,nps_score,app_store_rating,revenue_per_user,marketing_cost_per_new_user,classe
1.36507328975226,0.7673265116195858,0.2617799130752447,0.6766733716259626,-0.6180885997649559,1.4634344943294038,1.076441521389322,0.8835387893389632,-0.8257739639960721,0.2165631293138599,-0.6377349886491664,-0.4987333775480637,0.016406714972397964,-0.014630882313297651,2
0.014406546878301296,-0.0537560953030677,-0.8342794787842238,0.3987141552951933,-0.6860364797487898,0.6792538306393542,-0.29206059139816837,0.5774032455260756,-0.18796725398391267,-0.6082878316919886,0.1584606710465958,1.1459591582782018,0.26201636350684526,-0.13984465787134256,3
-0.7945647393015006,-1.364827755247042,-0.7944549022274993,-1.274230076309935,0.3378299027528738,-0.04893862402491579,-0.50942120378728,-0.11295801361689818,0.2812423116253632,1.6551669076360553,-0.8157572736708929,-0.6102578865529258,-0.21666397755425576,0.8496748361054922,5
-0.025549519048024123,-0.7129523508180945,-0.36280587191884023,-0.31638955125759216,-1.3068834511556016,-0.5964380597984129,-0.27695625645595673,-0.11781326538228352,-0.6036248656372508,0.5806888994796164,0.33563304909415353,-0.3792223941894544,-0.5373428565121149,0.6419423696770548,1
-0.008755609804797174,0.9340495929667993,1.9518104610164342,0.21171615795423887,0.4073369745993542,-0.11518686210370221,-0.5695441916885021,1.330020187445733,1.0500712727490709,0.9174847537406045,0.2736011088993084,-0.34740681847593313,1.27534292248803,0.36982269018231784,4
-1.4985447669469845,-1.185050480441125,-0.5993177397224835,-0.5692339510432535,-0.43774288634909975,-0.41046316693266816,0.3582766830902511,-0.2730174837407797,0.33123870793366106,1.229935445320273,0.654306498758284,-0.22161563632220346,-0.5070846217173078,0.21134232558526406,1
-0.7232517070035274,0.46930327844752184,-0.9422298787534046,-1.0853923665949485,1.9864016080726445,-0.10510464235474674,-0.5837173993129042,-0.12831339052884197,0.9330509078093494,-1.0796222158370845,-0.7743554151276364,0.12247620851320522,-0.25065257949521036,1.1418511816465817,5
-0.13765195177624626,0.25170277627122245,0.2723945205032362,-0.14728899433325754,0.1994839231286998,-1.2419884860689154,0.5135935830148498,-1.395647463433585,0.5688241084854928,-0.9151235600947975,0.4158974526200368,-0.5369393908402936,0.38925544778616766,0.08235438257712809,5
-0.010706219290644981,-0.5687202232985611,-0.3095178291128925,-0.5900214152381733,-1.7162445240546704,1.074071690991875,0.5366753486757124,0.9057997537185821,1.479012307878613,1.027449339318586,-0.4845362784041688,-0.13974038839405786,-1.3387246114745017,0.04890351831403284,3
0.23673691155461565,0.8041771973313259,1.343668015166767,-0.6554414529542489,0.6322315981986778,0.6385674891232233,1.465330836975774,-0.9074427028368546,-0.43670251875349614,0.5395489525802423,0.7069535581654276,0.7661273674382254,-0.2837761721379969,0.31216347704164743,2
0.57659693108522,0.5450327317503083,-0.22673509812593542,0.4311206105182655,0.34864917284017566,-0.42005218731932625,-0.6981822877454383,0.35840612343843287,-0.6111704599212973,0.516444620245993,1.1004571851694793,0.8431336519504218,-0.5101164041034161,0.33502577524658617,4
-0.2834798173038159,0.3695015458646046,-0.6037218344307064,0.02589262080363303,1.5219015206188087,0.12897941985263725,0.17695937346639531,-0.4926497672379777,-0.6767153826016211,-0.10598511905632252,-0.06864739188417818,0.6853646544909322,1.0885981081755756,1.0809890952978884,2
-0.34144452710575335,-0.40928684573463464,-0.45289020891577164,-0.6279315023276054,-0.7114166713370627,0.12897941985263725,-0.7168770710579533,0.10553398781882684,0.01894717373375681,0.30861336507220505,0.818056377334274,1.7253186085472105,-0.12031894509184009,-1.3310113589875356,4
0.2505850780183803,-0.1192237587808013,-0.2937676648502573,-0.6386558952332624,-0.9832493862344343,0.7322556683651533,0.26078511349110256,-0.11063003181865594,0.19074214559136154,-0.11290341645279094,-1.1314906724938316,-0.26083837815906724,-0.8774522580191034,-0.6438182141461292,3
0.6471158814108466,0.6218002312332287,-0.3939097446795286,0.14528601483973136,-0.08306668647428245,0.03250701381237717,-0.6555782523876238,-0.2607055567634567,-0.9631039958913113,-0.8132239985719706,-0.7265813851798054,0.12559925352464874,0.08972606541417842,0.15535165320303676,2
-0.6643665509280046,0.3311006847310104,-0.4702452893231799,-1.3018530111286326,0.6681596346644585,0.6049031331909863,-0.10416024416671743,0.2826989182241814,0.748859221463543,0.2154972401955465,0.07608522945772998,1.021174169032665,-0.3637785633728579,0.5385607154120432,3
-0.31593622073676114,-1.2234543954210493,-0.6274769101642558,0.4795441268751148,-0.4345628811407579,-0.2510001101774048,0.3302475216187915,-1.119372017551869,-1.1534293889324083,-0.2391085565326628,-0.045411983521718595,-0.0489277600296389,0.6167899856333814,-1.1706102526355573,1
0.2142391181052429,-0.1674579513831843,0.39935452403980987,1.2625303011680544,0.7198912424527864,-0.19342254537168663,0.13287089159653112,0.1966000798132384,-0.11331491124743717,-0.366162051701318,0.47032049485140487,-0.025254469998498067,0.9101681694033961,-0.4039828355053057,4
-0.7321453366556621,-0.4627144684366145,-0.0019491423093815092,-0.897091921100583,0.5865852851883983,-0.6995201652235311,-0.45240197010718264,0.0479480638124409,-0.07545992714219991,0.4282286171659701,0.5406295026305915,-0.10945205021901684,-0.8552737402406744,0.17525154873740656,1
0.08101894531924407,0.8104795117000191,1.05049401562654,0.4336699332498271,0.3254438514175676,-0.31884779719742085,0.1902749117851604,-0.35205781811306386,-0.2809738692672773,0.2165631293138599,-0.011418098547716674,-0.5158454416918148,-0.41095614798516944,0.8473554592658725,2
0.9828543478908239,0.5354640140149006,-0.09757986288775662,-0.8956613213861561,-0.655485337211921,-0.09182275270047183,-0.19625585679726124,0.8872196088893355,1.1157266163556625,-0.12061086378574766,-1.2624290572832357,-0.6389882078982538,-0.6204221930736589,0.97357798307411,3
-0.9168492029386132,0.12959957076071388,-0.23952946474316728,0.12767835385512658,-0.23618310182930372,-0.29845552804528963,-1.815379389885943,0.6798925822080985,0.205793538703037,-0.5148560903841122,-0.3971430680177608,0.6957771799470711,-1.4156618976536073,0.9204154613507028,3
0.6199337410776893,0.24619910631475037,-0.6940157631063221,-0.06911590468821531,0.21431799659268605,-0.10049595921562435,-0.9091183476564338,-0.28101795495686743,-2.0106408063110623,0.6402329579272901,0.3008153655194744,1.1917120554422584,-0.9708668126153501,0.6259663017238494,4
-0.08923942792333293,0.5385759028403578,0.4106075456683818,-1.3684796101826264,-0.6985164618485176,-0.5735351181467037,0.012513136074368447,-1.2264497222462944,-1.0140155451417143,-0.3348409042686538,0.9997381995199571,1.1436310335071898,-1.1205113606017822,1.0771994972850547,3
-0.05363187909382041,-0.40269734640874255,0.7033542565119754,0.4776485014946555,-0.7996896907510499,0.8685975855847226,0.2437652761818641,0.5410415920044305,0.9495726417649983,-1.3512761168366725,-0.2012236722002446,0.8548975730080818,-0.21841660457899328,0.11653009222508487,3
-0.7285367974099431,0.5753191728544937,0.9249674837754215,-0.10752474314337411,1.4867010938606027,0.5754128669830856,0.10719049142675868,1.0005673520664415,0.6131460026177992,-0.9118471229510866,-0.42741892028852224,0.9179794229050378,0.385590266479114,-0.24194884583959336,2
-0.3122333883661902,0.6828396939334432,0.011431278308680076,-0.7206854508918046,0.7649315629880338,-0.008246507963620354,0.19184178734554316,0.5704903227224187,-0.35450374171504156,0.2968272350269381,1.2126898657919356,0.5551022830416981,-0.4454316798095087,-0.5950545914351825,4
0.13092945938850156,-0.015486244199358868,0.5196199610462452,-0.5056486436755562,-0.9361051336165752,-0.19209560177099946,-0.48947426249992676,-0.5242068210489378,-0.37150338000691463,0.09153225960705323,-1.2486820777608623,-0.808732014172075,0.2966560933963406,-0.5638375506449566,2
-1.3275769688800618,-1.3418073737759173,-0.8963193700163451,-0.495953911917111,-0.39945614691314757,-0.12619884355204147,-0.09778784127508129,0.8872196088893355,2.999345246056607,-0.10859161074567089,0.4984738739007416,0.13074869839404196,-0.09451515138797621,0.21947563755534263,5
0.6474817979178344,1.4669612639140224,0.5295425036631979,0.46702091925901834,0.4758208174756648,0.37949815641094164,1.2287593635614158,-0.33579926067130067,0.34069691059926543,-0.05728598035014838,-0.7515185179584163,-1.237861677485497,0.7184363368183265,-2.3373688299955124,2
0.367941981180289,0.8000478038164872,0.48006229526370053,-0.4244511271214061,0.001385003014023984,-0.11965389610248253,-0.016343800871617076,-0.48653475861867296,0.42256375944975677,-0.2406932363727906,-0.14356167337228382,0.2235535717516766,-0.40542702648410955,0.5063406496668247,3
0.40776543965855944,0.7299823860811913,-0.5410306562969216,-0.218255369375986,1.501758132964971,0.8331010098004283,-0.07197038611802453,1.3524369470930575,1.7244220355016322,-0.009170368293073624,-0.3154098130858044,0.2173279330960894,0.030591757244690213,0.9225770224351609,3
-0.026273057319903863,-0.4121514109929788,-0.8541414310124888,0.9821886060189609,-0.03557223452961799,0.617024570371039,0.7278538448745835,-0.6081156294963483,-1.2592751805884574,2.145605107090024,0.023787778351906815,0.00227786753548802,-0.10971883972479189,-0.4729032586163427,1
0.3460401263842191,1.1199302364993917,0.017898302377810885,-0.2878289465475439,1.233942649017884,0.3173775658322452,0.5331256180611958,-0.35807306545709716,0.3849614776235565,0.5074268325305819,-0.4111458645281534,-0.025254469998498067,-0.8074155380659039,-1.1691643421127915,2
0.22444176509650812,-0.4510134309766819,-0.5990204562450806,0.10932170792089518,-0.4004733154007462,0.30189217306607363,0.016973233394703167,0.7178440462791725,-0.17422180555283923,0.22775627840172394,0.13174680342420225,-0.07328638744460292,-0.24976194090553014,-0.20995172115551167,3
0.29462792887984407,0.32882888975612423,1.7593876918951978,2.111676739868295,-0.40463606511936523,-0.2542396298715972,-0.6728901223746652,0.8297065997697229,0.6814476651372474,0.836073923520558,0.33658998412909136,-0.0069166108063790435,0.7009609562665909,-1.612430910205345,4
0.5009320411438601,0.8099155141835767,0.4885191503719203,0.061449496711388295,0.9544194050958925,0.5484368402190969,0.43742875981390933,0.003966301457311242,-0.8213848909324416,0.26962515421670336,-0.7324797120411733,3.6843374550564034,0.2289891382247987,-0.6603518387765787,4
-0.06430771629183574,-0.3541341942776266,-0.039660268383158434,0.44906488703641795,0.5735729740566107,0.44326236334731284,0.985619222141472,0.48926872892880735,0.575769823855247,2.113084706713333,1.5355347692610737,0.6592898601143828,0.926573303855042,0.45159179138606864,1
0.3570486607989078,-0.10291249272786764,-0.18915813065909545,0.6922660632330624,-0.13855828603117243,0.8585083040005117,-0.4344314401455558,0.6448901052815974,-1.4320311796960972,1.0489828669322014,-0.030076716932900066,0.7083510690564703,0.052823551371249916,-1.072834003457531,4
-0.8909491076596461,0.4481810680479976,1.4451447827050623,-0.8220324009508169,0.01627869967492632,-0.06780354712926732,-0.14105270136373124,1.0181601807746408,-0.2027732147909441,-0.3663139449640942,0.4264764880634859,-0.3099759688854001,-0.1134220354541934,-0.323130704030735,3
0.3944840644940225,0.8593977283227794,0.11821072395207934,0.1493278520483351,-0.9868658228536242,0.12897941985263725,0.29816513685675516,-0.4071329911892972,-1.4478946127652834,-0.051204438231803165,0.4235556674851232,-0.27563484868154675,-1.1731099095832696,0.1818555083108821,3
-0.07738591831407013,-0.14698876760147161,-0.5033583268429912,0.6777997238213499,0.7218541292863614,-1.612669651169426,-1.1027803769715183,-1.236793828545906,-0.7056486537965687,-0.09565672959115837,0.027091278544449517,-0.3432345783625996,1.0697995575174317,-1.0877242397026428,4
-0.1824515960844935,0.47100917713154816,0.034081611141180634,-0.44123004222962176,0.40176938136971735,-0.3459696314413475,-0.5527376103029967,0.1698014227693617,0.16834594691628732,1.121915835287066,0.22088205795723073,-0.00865741556728865,0.05619678334928193,-0.11499538089025253,4
0.5277100802943748,0.74053766958032,0.2926512246516475,0.4764958154804743,1.4591434426855603,0.07360684808381456,1.1763063074405553,-0.6465852578952718,-0.1393459656692586,2.1171393673780026,1.4659525306980994,0.25003704226725015,0.6631040955713359,-0.08685920163759249,2
-0.39089541900862396,-1.0853386332532133,-1.3177166396083206,-0.9322831806405276,-0.06807241035870057,-1.0060985241595366,-0.30260490437583454,-0.17131518442498922,0.09147266899874978,-1.7603323485312703,0.31722308474698696,0.34749504615809007,-0.7304938642361063,-0.21625018009964486,5
0.48037476184215655,0.6924219104937868,-0.37780453004778064,-0.2500132639352572,-0.6650119781315443,-0.6025468804085682,0.3976816142381909,0.22502584500113787,0.7914740580351854,0.8631800832790979,1.135319773388133,-0.2597944821045649,-0.15476327962729566,0.7159779741761625,3
-0.34571803923735933,-0.40480307255561654,-0.45912777347548106,-0.8573229623152676,-0.3007819408627526,0.6679780738224536,0.36894597844584415,1.2264430073622565,0.4687807775248566,-0.8480058788939566,0.23961313697865705,0.5783650875797675,-0.7499034903725836,-0.07796115132553244,3
0.4831652572775269,0.3775329282400818,-0.7021927842843274,0.769636936144775,0.22118012595501668,0.40182682411230924,0.16153306674284565,0.04805619196942295,-1.155963990454527,0.07025772681564747,-0.910206351325818,-0.8778008116209065,-0.347768315752344,-0.7852259960533178,2
-0.10989407754987983,1.3026775715024823,0.8722841107607804,0.6952516324644753,0.9820838108898179,0.2960660697777714,0.993657754973436,1.147378211592466,0.5662190776101067,0.5236235813933132,1.26728616627056,-0.1483739888737803,0.6057463126204178,-0.4312289475850107,2
0.558513192725856,0.1021838209284559,-0.08338795616734213,-0.18741350840965937,-0.21263564658929576,-0.549891598746351,-0.7808434425524038,0.1809424161951672,-0.0904479118874256,-0.06660315526802305,0.8172101675966467,0.782712058352825,0.055143661205808714,0.0340038631987797,4
-1.365559332622723,-1.8437403863716881,-1.2803594591973146,0.4226413674764788,-1.1842432470606203,0.9277465608745814,-0.31342609541444916,0.948319617693336,0.004137554430174469,1.0268442195459366,-0.9048091146444297,-0.7204627365009637,0.16619440740831143,-0.6261974553992976,5
-0.5192679540167751,-0.1932624361604713,-0.05853012860904213,-0.17411315176610898,0.8518753910141111,0.6573134722613426,0.4918736718515015,-0.42971782912514855,0.268195207582026,-1.019227135261189,0.0855344965626218,1.207004476732225,-0.7673481177956519,0.38526991011266415,3
0.031078476878509335,0.22596248664781798,0.48688564864633593,-0.38839056734106986,-0.24266693174834747,0.40785637011862697,0.767721900817033,-0.3936816156134169,-0.58977993942534,0.5662086336985725,-0.17804721843896193,-0.3109855840826812,-0.21458701228787241,-0.3647573953884619,2
-1.1161083071751607,0.36120290898214125,1.1355538153475015,0.31375118168785604,-0.11941669835418867,0.9941204104694095,0.30014259262910475,0.4151759416918846,0.9150821960201515,-0.3497155487824393,-1.0299199095788818,-0.034130104076384345,-0.18957874996096635,-0.36963062153723675,3
0.5879891610845145,0.150833836994723,-0.1294403881247649,-0.6105770445152318,-0.12084902787146927,-0.07067943499832309,-0.8244023155288434,0.6384659975468943,1.2553739875521897,-0.08462750800410643,0.03917833545931902,0.5783650875797675,-0.4263157272728234,-0.6467842016635457,3
-0.9520704022673393,-0.7341796808894028,-0.2999617610281649,-0.18572931048912691,0.12147110082232362,0.08854069605717484,-0.6435035301869366,1.257367574076814,-0.0012816059651165259,0.8372281903087861,0.02947469019949412,-0.3728270382330934,-0.5683324958949413,0.5836622296873532,3
-0.6687360134351161,-2.0960398492908054,-0.3939097446795286,0.5237197381803635,-0.8015552140419332,-0.09182275270047183,0.2581232689573426,0.9017847419177796,1.2415476505855108,-2.010426096110075,-0.3114541016849469,0.4714819047383367,-0.2894366849358267,1.8177637342329362,5
-0.162924576266074,-1.737050025068906,-1.0355106127261113,0.821199480952398,-0.3829296406611299,0.5641123735574214,0.8583521434367708,0.2794668671215429,0.8964477567910352,0.7427075840887661,-0.30545314661320605,-0.6073667554646262,0.9521866956448913,-0.6419326829729828,5
0.5020395786688588,0.48148049020207945,0.3578671745618227,1.3670387801549775,0.8061813396255316,1.4025489687558275,1.1690487807673022,1.0938713392819408,-0.11219456133704615,1.9927553942831744,0.5449946046988935,0.14725240165906348,0.9160580937963663,-0.29634286817410943,2
0.693671304650854,1.2316973737190724,0.9117412148736267,-0.7021007113601886,0.9124474913592323,-0.7194405942568117,-0.007661969944477111,-0.9850040974773856,-1.5993616172234981,-0.06264377099295576,1.1758847396317544,-0.8790894470216035,-0.1585101504753447,0.7246709130373991,2
-0.07738591831407013,0.980528362915129,0.4354557466437392,0.49613251012765386,0.534649054291382,-0.7607338976738591,-0.23869413286808808,-0.13986487361588532,1.5109653970622114,-0.20705331878229627,0.6044804014389972,0.2529827175112473,0.5091659794756427,-0.009148030403250214,4
-0.6511282008071841,0.0252569159922493,0.6535395634618023,2.040319942651145,0.025206721176551428,-0.7596424399473534,-0.5506386436385619,-0.506694202064939,-1.377245005924965,1.4162325624638339,1.427974412877397,0.9315644877581025,0.3325898383379436,-0.2838718695959568,4
0.47365871228160383,0.42147707165179604,0.2128021945046921,-0.31569614564827525,-0.23584618704591181,0.025021033586222246,-0.8877321999108083,0.7324237008384449,0.7740195279369001,-1.0683185261728403,-1.5644606054414534,-0.99386820179956,-0.01905049731463431,0.5319710451995922,3
-0.06280006405337443,-0.07470519825234494,0.05174803791788554,-0.5548059086013394,1.0299976085354339,0.6385674891232233,0.6154048116668167,-0.21714533309255082,-0.06991942782620882,-1.4166042102928322,-1.1840223847757676,-0.8118719820613394,0.33060479913530516,-0.6961010965586473,2
-1.5610302861767882,-0.8250151264799086,-0.9605397106623584,0.4235663118661945,-0.6739850368172097,-0.18311695493056945,-0.5295117050487743,-0.7791306900511313,-0.0982567506694932,-0.35392835835736985,-0.2952332751973074,0.6794525914998641,-0.2860029165967647,-0.771295015086945,1
0.6243848821189671,1.0012336088987084,-0.44011889642919916,0.5395872663696418,0.1822985927428981,0.08457922274096819,0.42462829019684306,0.7514199429188994,1.0540973515937029,0.1539501184123129,-0.2102135633833607,-1.023898277521371,0.8128512422797042,-0.756706340188405,2
0.5687238246170111,1.1490345335323466,0.8791654786459769,0.444974573265583,0.6039518842991024,1.1679361230328016,0.23785426051950972,0.11086715671152499,0.8632836105223357,0.02122046206679469,-0.9759463652692584,0.5426276202568896,0.1337021776631456,-0.25060253139381194,2
-0.47748330916644194,0.006545629500556044,0.5762025992639751,0.2889983121578476,-0.63662718958258,-0.8377095435826107,-0.8097446413775291,-0.7119539671209618,-0.6400700030400495,1.285696601816544,1.0394290591974,1.0055918109469257,0.2208272419578047,-0.282733172436002,4
0.004153412970964284,-0.4269762331328229,0.16253229554953894,0.10420344117863992,-0.5990091472550165,-0.9412722188750469,-0.0664599784124604,-0.11509587118992241,-0.4350956922541971,0.17064034078183699,-0.8260579113744642,-1.3162074191971538,1.0597616854676695,0.4641338047434673,5
1.124138831233399,0.5128837919129227,-1.1028859934401953,0.7079932335446869,0.6232573383950472,1.0659810130213734,-0.6626821434044644,0.8968715750928411,-0.5775926591835494,0.8528946563361112,-0.8677590623681178,0.3448454394566361,0.7384582857367625,-0.771295015086945,2
0.4314536615260154,1.536212096418722,0.9959936494049174,0.8670641085004119,-0.17847909676996296,-0.020549498907356484,0.3695318766298439,-0.16180205671845058,0.01894717373375681,0.4611671488580383,0.8021309049740826,0.5347601469478739,-0.6421240020203527,-0.9204541778867049,4
0.9378405021027753,1.199192649059735,0.8933379860334933,0.6439898648145593,0.922851435172064,0.18381902721268994,-0.054798550757831334,0.10425208793157975,0.050463613767576396,-0.28829098011990195,-0.6955505616683322,-0.4596029267357493,1.0276265305849765,0.31625273547977717,2
-0.026273057319903863,1.0211099684771927,1.5211947356425193,-0.10752474314337411,-0.917702403794383,1.0548847661001555,0.9495560709812186,0.2652346027059234,0.25355387655962125,0.6308464842082657,0.02108271402831088,-0.6449251531778032,-0.07014245953124847,0.07502065458168301,2
-0.46458178472640865,-0.10961293899395641,0.6616033905735124,0.26703446542322407,-0.9384978457808222,0.10914688094416734,0.24103028215606306,-0.5718919123841841,0.4319417632912011,-0.7144442467310929,-0.49526278178718025,0.06580810143520766,0.27637386031897543,0.9314543145880855,5
-0.40945718794279984,-0.14312998876946248,-0.5925737993881222,-0.7639075525578927,0.31857467953709073,-0.6092986203889496,0.2186673780234536,-0.2259992772421772,0.016762231735255397,0.23656059615680317,0.7870275193096445,-0.12133468085250936,-0.2924118412569282,-0.22481136505546123,1
0.2142391181052429,-0.3416612609797093,-1.034853178583403,0.17327463652987404,-0.041055899704555,-0.5381927030398054,0.6152110251395975,-1.2321467942007684,-0.7701743897943697,1.404631837663821,0.548930962590654,-0.281743381923655,0.7992686950300124,0.047745298991345365,1
0.6306634190503752,-0.4639543206025457,-0.749789849052922,0.5071423130240021,1.063163814496505,0.28335880404466957,0.19764091247564072,-0.27233080008906685,0.7241394681005913,-0.4190507174559748,-1.2245271789591874,-0.6789248844827145,1.9234757273617369,-0.9007020274835905,2
-0.6930332949822959,-0.8423058980868275,-0.5877883158876736,-0.6243154947124007,-0.6650371665125009,-0.2635070171227013,0.5212450759728374,-0.581411860615308,-0.5605527698744678,1.1174590219277882,-0.25064771494232085,-1.105408972625018,-0.7131932393401961,0.3887410943077317,1
1.1699671261991795,1.2398349170282323,0.1707722581940468,0.18617756878245473,-0.26192058115866446,0.2528385700228755,0.39967350531123036,-0.053684340165648735,-0.27992325287817543,0.7027392948737496,0.8784297011592265,0.8138769168884112,-0.12729297196162298,-0.7361594409866602,4
-0.7355000736551451,-0.3068095475833978,-0.5913029741322655,1.0686960738561004,0.22920779826093582,-0.08561399316912671,0.20934590057109945,-1.0755943731818662,-0.2417074754913146,-1.0902582147009419,-1.1969785330467444,-0.6264790109643951,1.359614655807346,-1.3687402676148697,5
-0.9667396058178078,0.06818456213636029,0.8101462304844562,-0.18230499685045706,-0.02127923985132218,0.6271529852117094,-0.04541554551807171,0.07608883065082384,0.49202593345615386,-0.1444495727880209,-0.5442442489070649,0.4795351494734502,0.12534071969687977,-0.23991288190129129,3
-0.018919137384736218,-0.0537560953030677,0.7900521916231059,-0.27950761780133626,0.15322806968033872,-0.5406806838618342,-1.0698688867940538,0.1755377818788381,-0.4780414121396979,0.36836147455342394,0.7511492556754125,0.8743373572016527,-0.42364060856554664,0.39612298981903454,4
0.3924460586698615,-0.7217954475821765,-0.8019357550002137,1.023466047131203,-0.8074717657152982,0.5772356356248795,1.2455425654281473,-0.1315985234826103,-0.5741092216531095,-1.2439356401536885,-0.466257934835464,-0.7726121816064233,-0.05545282058349152,-0.3341705690058226,5
0.6744970818564247,1.0461375556168195,0.5261702704605101,0.05603543253436593,1.2049146260459869,0.4550398897847753,-0.16983114776366942,1.288243337088823,1.1322879610877024,-0.43321610114145637,0.2375616336262263,0.3811196313500592,0.4794692555544496,-0.14545371142296726,2
-0.42527702756751323,-1.257873361565001,0.5559332483054888,0.5114422749358563,0.011099662350590758,-0.14645989072352217,0.6081701751110752,-0.02474037396368563,0.9574973067524469,0.4329864816928758,1.0056156804159728,0.38132784788120233,0.13852602020652213,-0.40901503028459096,1
-0.3341206313819624,-0.5867310129295662,-0.06281696562829468,-0.5281527221540021,-0.39234309689980545,-0.3097670877810348,-0.14481984763293046,-0.533039239347656,-0.01777268030907482,-0.28995063926873016,-1.3092343792941197,-1.2759127825176708,-0.6425938341885759,1.71052760224271,5
0.2832433598544969,-0.5045841363679837,0.0920838948044094,-1.0953146876652156,0.050885170464189486,1.800378846133197,0.28692226778699803,1.487608948215382,-0.6416510950479453,-0.028327430953825918,-0.991321076346373,-0.04704949220238857,0.1318833729220754,0.8856713661862436,3
0.8668831250556178,-0.5362065418134888,-1.1827149521192672,-0.9773353438067004,0.5335477797390278,0.6030016931279346,0.7243371547230544,-0.287370847741884,-0.46080280200277196,-1.1319431956008597,-0.08416759664521806,0.4161038515824421,-0.7653331831210819,1.3157702253971668,3
0.988920511141347,0.5045653930652704,0.4521058166822989,0.2660390190221041,-0.177392523576368,-0.8518990761664503,-0.12880851057791715,-1.5663131845283547,-1.3350913476632529,0.42807080846198736,0.1951538581583049,0.002416197681234364,0.12813012622837155,-0.5824850668597379,4
0.08101894531924407,-0.1759108532859495,0.8337435001657146,0.821199480952398,-0.03008642071417466,0.01852105998247213,0.06111021346992968,-0.622272189182101,-0.6850376096950784,-0.2655634480977433,-0.862282010663833,-0.5726073092494146,0.35964134559469474,-1.445861848270192,2
-0.09388417346189934,0.21227208119713883,0.8059824861940702,0.03946256541554365,-0.3068566312432178,1.1190835631739289,0.3975660253786904,1.138871782234392,-0.6258191838282543,0.1158919535078022,-0.060623636252368794,0.09658401315690399,0.7156006466033942,0.43973615171271635,2
1.2392883228273202,1.8666872653998818,-0.04108879991369573,0.14528601483973136,0.6783676149885645,0.5343717382155726,1.2900239712665968,-1.1353590809286018,-0.3237801175958865,0.7865443399853431,0.9198662913063012,1.214059163148088,-0.6019616480506883,-0.4719270741389379,2
-0.0006426873984008282,-0.1312106626269749,-0.645715045850651,-0.1803683190391059,-0.5813469680822851,0.578147342222063,1.7163306095654387,-0.32867354104091134,-1.155963990454527,-0.2373953220886917,-0.33990153554383606,-0.8110049584313954,-1.041830625657546,-0.06621082933517762,3
1.0660504311109051,0.11786221213034664,-0.6103754308861872,0.10809606123581689,0.04842513539938146,-1.0060985241595366,-0.6726099420259605,-0.04830673951608408,-0.018937485015527875,1.2033624323980259,-0.1235161356253742,-0.357844062569118,0.3845102521454248,0.0945322610010754,4
-0.03176461241150949,0.6968032944191304,0.6875429343076946,0.6792840143736133,0.3672744666764293,-0.6212239261805325,-0.34611452950172106,-0.20187666411415853,1.6057063326454009,-0.4728746759733777,0.2930957861846581,0.35435997523330987,-0.21313432360686335,-1.5275202688605674,4
-1.6030757500610493,-1.2193888620575013,0.304346877455685,-0.22656807663396195,-0.1410482968980778,-0.2380227195345048,0.9626521961536739,-0.34899213461974454,0.1650375826722985,1.7693254684397266,1.1758847396317544,0.611763907127817,-1.0507956430006042,0.517066632930412,1
-0.304927405997835,-0.9309554708404136,-0.581108610274559,-0.30134274224178387,1.0404414047298767,-0.6938629249623097,0.19555935061382942,-1.8023700184816027,0.19743942346525134,0.5398624846232545,0.37036815423655073,0.5961596695757999,1.0033941621600524,-0.5510790238243128,1
0.5599664003253224,0.42227365346833445,-0.18288362547764228,0.4988122619936677,0.7364483452078636,-0.5107931395058484,-1.5692653360155702,0.7483049395845243,0.6772399533647062,1.4138697322582414,0.20245226120889698,0.3784788140948692,1.111068348586165,-0.2967262114188252,4
0.06265358508937084,0.41755976333956135,-0.31746916079621323,0.9005665319657509,1.0260557657847293,-1.198605639305615,-0.5721153821606553,-0.23153310339223301,0.970549313820425,-0.3131051470798645,1.699419334716393,1.2029480964421395,0.7190559119820522,-1.4445935129670764,4
-1.617495809223551,-0.444632003507331,-0.01963703020072088,-0.7906954406008285,-0.6609965320938508,1.4506692354372517,-0.5962372800390133,1.3794407204422956,1.1665461607416316,-0.753510789829199,-1.2665069165823943,0.6942011739964986,-0.649392577066884,-0.12697024533304796,3
-0.36081361903985015,1.2415009190725557,1.0502484958463498,0.6600929143208446,0.2714887405887286,-0.5107931395058484,-0.2817322499709536,-0.513993473239429,-0.6437667453210297,1.0753490336126268,0.818056377334274,-0.6694349243236382,0.6696300698420561,-0.36270622715760176,4
-0.2897482758747004,-0.8427997176027258,-0.5742874410488832,-0.5541348836300064,0.6035972587587679,-0.4577882813419905,-0.033364645670576815,0.22321103002876208,-0.024529611622033758,0.0001542587641399188,-0.4923866244726656,-0.8814567128432563,0.3684735141992196,-0.3945728950320541,5
-0.9990487174815104,0.3061191013047288,-0.012642164205287213,0.2556662487508785,1.0506892567166328,-0.9757541226220295,-0.22090202758694036,-1.2721278986601536,-0.2106724235826227,1.6254364684813405,0.9769641889654493,0.56308760372067,-0.30428630527477646,-0.22843483887347463,1
-0.15358088942693623,-0.6789208587714421,-0.9526729294168771,0.291660293707805,0.4066855005086721,0.3685992880700182,-0.07323895493422548,0.1829213952809734,0.9590180018469762,-0.5251434735483733,0.12826363420091783,0.9526931997798755,-0.1483587595484596,-0.3379558706359416,5
-0.6982831380403214,-0.49487022876817127,-0.201692409285318,-0.18061766856897973,-0.025042610158211052,0.46630395020934423,0.610306708431899,1.5099218007280042,2.6478936552554475,-0.4761484712761587,0.24906661510796163,-0.3196020152166197,0.057343221893976705,1.019792451263385,5
-0.054784265988749976,1.337409749609515,1.7653237409637441,-0.18572931048912691,0.836784043026847,0.2501601977167272,0.38207799523623404,-0.003966301457311242,-0.3530200712133012,0.45421676512088055,0.0689916604049796,-0.11180930257527988,0.3919731305092256,0.8121000266735077,2
-0.0494357852625117,-1.2193888620575013,0.11031635585836796,0.3937858363719228,-0.06827100966917331,-1.245247216052547,-0.5849082898239465,-0.8126727529133837,-0.9391619439999628,1.4927924242100041,0.7907787641394245,-0.19444969851956226,0.03771036572746898,0.8797274301523944,1
-0.8507613980280132,-1.2590141193058009,-0.8803524067830962,-1.222825909586634,1.7400597084663185,-0.49067442507041087,-0.47887435870765066,-0.08395977417680854,1.3952502082618072,-1.2312386913797595,-0.36200821217514023,-0.04032297919536118,0.42185716564990544,0.25295867388662324,5
0.15998963822067555,-0.3866191103693684,-0.38884333757749445,-1.0022970438763348,0.28503262298838056,-0.49224375366780776,-0.36888226934265844,-0.7584367990831657,0.5833953264923012,-0.22092374118330355,-0.8260579113744642,-0.4676330620872741,-0.5466312062528357,0.3850020547013929,5
-0.4636153697152216,-0.25482288643394324,-0.8513105273424908,0.5192440561925331,0.5855254630529212,-0.7441786029451325,-0.323534752900649,-0.25643461213875246,-0.9928474928296963,0.24176361423132245,1.510710099540625,0.9093005999167996,0.929672116820661,-1.2505115538900302,4
-0.7852698348604458,-0.6872712759107513,0.21007238460854938,-1.3883624370338665,1.0210721691174007,0.26202798479391715,0.39587710672384596,-0.7253474697869936,-0.31856596436089185,-1.4761352052130037,-0.06639139512507543,0.7367150362796461,0.5886979523860387,0.7687526733641533,5
-1.2448204919426866,-0.36549040265801735,0.6009050838425407,-0.5545338713147979,0.5570592839071432,-0.8447795518082017,0.3962244789964169,-0.5676024421873975,0.04826616803101619,0.046783199300408466,1.24493659560945,0.17468022384439977,0.2406301067589885,0.2578542323615913,1
0.7001089382237977,0.5391646312775514,-0.3456592495222307,-0.9151878453599304,-1.0436492702500644,-0.14949325849145145,-0.7630337034029319,0.4800063221176971,-0.9529979554808173,0.08627626308117477,0.13891584320188352,0.13084810502112973,-0.22445782251760524,0.8121000266735077,3
-0.9343792563626501,-0.9766457904499435,-0.18876305460155346,0.02253526206156335,-0.2120700088447349,0.7242215953794172,-0.08676801072005193,0.8010060374080312,0.4766450872149473,-0.11684288215841311,-0.6821647046265357,-0.11268820050143545,-0.5589347578696195,0.5746550711948064,3
-0.2509181279072533,0.6993058775374676,1.375575624125586,-0.29403659029134,0.41389414837636856,-0.4838210311330463,-0.846778983247083,0.036322769490950445,0.4130153498998536,-1.2169235282506685,-0.1494636517465609,0.30314379029894645,0.49773278357038303,-0.11758147115588997,4
-0.4855184868385356,0.5340472840789718,0.16306194273844077,0.24152882168431497,-0.18143862920647597,-0.6182038770133081,-1.0523679570861606,0.3147072378422764,-0.13587044638209808,-0.22989166077328987,0.2914265190405772,0.2734774963042544,-0.5362062409571798,-0.8439460974722531,4
-0.9676721637190459,-0.42958628832103907,-0.16751536877746898,-0.5560610876392843,-0.5502480440307604,0.31010358251452996,-0.24896135283601065,0.9041692380287903,0.1691710479607578,-0.19246063114439227,-0.41059291645320856,-0.41149415720364163,-0.42203172198827205,-1.1761095446229861,3
1.0775733944566424,0.7960400734993877,1.0351903606654702,1.813785185311368,-0.5485618646210721,-0.9685317755848156,-0.623679671422152,-0.6630212599027111,0.6439694685585041,0.4621817009769913,0.16888516966330905,-0.014398338923171154,0.5133723019907829,-2.2000347107975973,4
-0.3289318527050073,0.3944616713976228,1.3372465211535876,-0.16390680306269254,0.26291634022924776,0.1526592107958836,-0.8216131534861304,1.4471253347438984,1.6745975790839849,-1.049071088279477,-0.6635379778520564,-0.3034301962262515,0.1108772531720848,0.050360279213032384,3
0.08101894531924407,-0.6083295452778821,-0.7990514932128786,0.31881460395142874,0.5621181944214978,-0.21164464928020899,0.08914901125477319,-1.3859160651006328,-1.6385101569331206,-0.9472041768032052,-0.3687563170481352,0.1667588523670346,-0.18765119702657015,-0.12787106888312122,1
0.2106541012077715,-0.2693179341708118,-0.8142842236107877,-1.3134749072279615,-0.6859360476892494,0.01764265972718092,-0.4271814521382735,0.21496782718792268,-0.20279430887181907,-1.4280263771080237,0.41309662184122653,1.0189048990098726,-1.2823778754932733,1.1361548430157318,3
-0.912260548292805,-0.18937961189820476,0.29439648305982685,0.5462116370456875,1.4942872056512355,0.5641123735574214,-0.10416024416671743,0.6158842967853516,0.16753131676535227,0.007576752029829173,-0.23105010914927107,-0.5300207836881554,0.7821857923943939,0.04119957424240761,2
-1.9269650568771057,-1.4298127181868465,0.0669577758231378,0.16100329449050368,-0.025042610158211052,0.9467944920132224,1.2686386808000216,-0.11185031065922281,0.1974620022269694,0.8673565473375995,0.0963436894363853,0.15262558946366908,-0.15966230847647478,-0.5187428445786632,1
-1.3214587509813585,0.15453412728811547,0.871490994894078,0.2836485766531824,1.2030446827155492,-0.2694882310564072,-1.0191966925901859,0.5125896319620102,0.7645118713599791,-0.3361802442982591,-0.7706573468908257,-0.38125737322344544,1.2284546572598845,0.3589705915654978,5
-0.09432057810611923,-0.6212436249719632,0.03622047306046791,-0.37970078978170724,0.45188455067188965,-1.3133416089982233,-1.158039625186036,0.03226624334378788,0.16878832402438293,0.7948620792978378,-1.0083277195065714,0.19554284726651758,-0.2461014939387567,1.6700777052244729,5
0.2881422072563266,0.35546153706970296,0.2888145750283313,-0.0927224318679861,-0.55738656255179,0.4366994210150434,1.1333962892515341,-0.5031791371920803,-0.04193219724880891,0.4282187753986166,0.3967434461601151,0.22186857008479666,-0.07536692147474036,-1.0306506388843952,2
-0.37396829633081086,-1.033611429665528,-1.4517126084988548,-0.03393884835127233,0.209317950833255,0.2307896758260288,0.007661969944477111,-0.30305664940667515,-0.15612906647327618,0.04647640476768232,-0.9457891665150027,-0.49444239540992896,-0.5375533798283819,0.7977971705959754,5
0.14846864312536556,1.0834350739042165,0.5793422140082536,-0.07338014296849765,0.9252588833594069,-0.3015944904288557,-0.1040444506522269,0.7170777221309537,-0.36591134758910815,1.8234217568402216,1.0811267188729299,0.38607967495909185,-0.6782791472870625,-0.062373625201761325,4
-0.5173865504693416,-0.14312998876946248,-1.034853178583403,0.8660642769806333,-1.4189451565801663,-0.37206599742947505,-0.8097446413775291,-0.11311235890865153,0.0008613818051446287,-0.2644008905455097,0.15923951194845942,0.7771043516782066,0.11829156204904998,0.016308421273330712,5
-0.67282937586112,-0.49487022876817127,0.15801577968581876,1.0356669006756762,0.3067855642797065,-0.9795379452254551,0.17755027516520133,-0.7583774286924734,-0.35450374171504156,-0.12795116446056118,0.7684982521917815,-0.1407337518917157,0.4970173726153046,0.2171120634918924,1
0.25139058537384246,-0.17440456508028623,0.45702714902752456,-0.16390680306269254,-0.5529327147831515,-0.35700182077188936,-0.3045956795179243,0.7485296333531054,0.476831412997634,-0.944618665250784,1.529053570714931,1.1935966579014636,-1.05116341272824,1.078276753759119,3
-0.5885053996792569,-0.6627997258888098,-0.5184591781839488,-1.0249726475213274,-0.49087063652855145,0.18515056078493483,-0.25568913257626036,0.1894732470576531,1.1023112684424285,0.8713655336125621,-0.16329269605966662,0.28517789183242903,-0.7016456200179096,0.543805614832794,3
0.5274218857561976,1.461262942242215,0.1873874026252404,0.7241613177145,0.09562120247437898,0.29002311785690854,1.2632736765139048,0.0469904801298904,-0.29426884823318866,0.3679261626439342,0.30956259429472566,-0.08330597601013454,-1.1581635512159831,-0.4098610359753353,2
-0.33085540366714405,0.6174333127969331,0.4570584660757171,0.43188868296685584,0.7651697975726706,-0.36142439047991953,0.15892959503176204,-0.9068562458896592,-0.737064406119836,-0.4592130693808795,-0.4923866244726656,-0.5862933324343982,0.1628979156695419,-1.6050537087076533,2
-0.8977988954186706,-1.10797548136906,-1.3412054572958862,-0.890075846057457,0.2733096765410575,-0.8096109574420846,0.211810341959604,0.019252679419184748,-0.4065232413914522,-0.07053665750256694,2.4742038944076117,1.3110280164781147,-0.38777809924290674,-0.6943645218311718,1
-0.4626081880743055,0.0701828254691158,0.8490079832307774,-1.8285349934928097,0.7832998183188865,0.5874134735921359,1.2403786968056996,0.10351819695652588,0.34359036948925326,-1.798192474353588,0.012684140141650493,-0.1107640971009806,-0.9339808782758474,1.2799150466987725,3
0.2088326116123458,0.29920712457338106,-0.8118103765444605,-0.287509037635682,-0.34783267470506446,0.9239240687677991,0.8732959567117351,0.8130567665132109,0.16232824476637392,1.3648746717347524,-0.16610205793190047,-0.6509351085212459,-0.08857467706871842,-0.5162663171193226,3
0.011774866216805919,-0.12388172811725275,-0.2937676648502573,-0.4210340324062041,0.16028690760814285,-0.9107350421604098,-0.864116872053865,-1.2264497222462944,-0.5375550431775407,1.398216307134047,1.0608092812571437,-0.276918889670364,-0.01905049731463431,-1.7250771745866504,1
0.6679973721885075,0.3326811808735813,-0.2284125387585441,-0.7552953065520888,0.3053319109202951,-0.36923293890514763,0.8547910795399796,-0.518694882621621,0.05501431188160134,0.8586739010122003,-0.1037462537918373,-1.3427109476926542,-0.30709468999878625,0.009148030403249607,2
-1.5687569210122538,-0.27965444576443915,0.14131923892138523,-0.33431060376282323,0.15254943603277346,0.14165473416212543,0.5215532145830201,-0.2645396061592399,-0.0750973262500984,-0.051204438231803165,0.5585279680975488,0.5118977726419889,-0.7260814810418501,-0.15421266142820575,1
0.25139058537384246,-0.3294420555771412,-0.5248333807115028,-0.34294279600662186,-0.3182871096623925,-0.7992136912737315,-0.018584289590156785,-0.17549089820577657,0.7055742404608206,-0.10776609276806404,0.6700007992006601,-0.12992019407440628,-0.6019616480506883,0.9797956156675275,5
0.5242935677815852,1.2541780834523466,0.9413549030403637,0.3937858363719228,-0.4395599031001658,0.9784148305148367,0.44967707737814594,0.039919413406475375,-0.3502676974742227,-0.18164436741734943,-1.8732648610266862,-0.4263147070002036,0.07678414204821521,-0.14109798520459912,2
-0.8047199381840335,-0.5442075592871184,-0.07678001323823798,0.7417826635609133,-0.01673412584944636,0.1979613031344354,0.2077426462821528,0.1513772812554212,0.2750177370715872,-0.7058682056975975,0.2375616336262263,0.3020998129279292,-0.34539265266032426,-1.4034045952425007,5
-0.042049638458142774,0.19295368870377827,-0.394593617712759,1.0775533533054336,0.7929525495534432,0.8040302216467885,0.19184178734554316,0.3938326968890374,1.4852899663270633,-0.7058682056975975,-0.16914573350956977,0.5948301655528936,0.8489723680515839,0.29527195816236174,5
-0.6042229620509401,-0.6362586856057127,0.2371377986835885,-1.0154061500925147,-0.8758693195969129,0.15881093968093446,0.9089051812203796,-0.370887709278754,0.20266905790227696,-0.31720542798236145,-0.7324797120411733,-0.25524268057803345,-0.8277583773682388,0.5703278438815926,3
0.5687238246170111,0.6458034831851449,-0.7500578416747555,-0.7803868566903546,0.6708509771606798,0.7327506335710564,0.9671850770643537,0.463030924178823,-0.04339204531358391,0.3908716334686886,-0.30670206635302105,-0.7541964618719805,0.03395729089153875,2.3072867368806174,2
0.13529377091363387,-0.44243609275112883,-0.2479836135506973,-0.7277851147180433,-0.14703603527604472,0.29002311785690854,0.23885462793319465,-0.252898635343377,-0.1362706672131119,0.8796446154801418,-0.1830839440453731,-0.0029442338382790903,-0.7131932393401961,0.18805442295626895,3
-0.7372076966257111,0.3286548721439061,1.006312654872411,0.4405878564723203,0.6253915500947322,-0.8545082095719254,-0.678677288347182,-0.3156787480790409,0.8405268428641532,-0.8420515581613033,0.43305005794837387,0.5242663303232924,0.7925432165847653,-1.4400676050155687,4
-1.1280301896601694,-0.7197440158934177,0.2844876626099172,0.9124132883280541,-0.38041948969040795,0.2136758522400232,-0.13124340036992005,-0.07771985417572452,0.13981977697942488,-0.41957901882216697,0.5911688608458489,1.3406368602163743,-0.25137591205577464,-1.1502672172589197,4
-0.3881137795426081,-0.006454149808678668,-0.21504395795113368,-0.1588844808199386,-0.3013486823382351,-0.23089400012733732,0.6308877574735047,0.19925252224114498,0.06867472317083359,0.5083965754583395,0.9254276544723332,-0.24279112184718876,0.03178133264943909,0.9521454678216552,1
-0.6337982213316778,-0.40358210052262344,0.5793422140082536,-0.7166979607822145,-0.33585125512541,1.3706209872038129,0.24140711591136246,1.4498396423296542,-0.9070507799477748,0.7398939533044345,-0.26360512108725537,0.5551022830416981,-0.5246229497323782,0.36053883995886016,3
1.2636168033238546,0.3929187298306139,-0.604940274023991,0.4395506579313201,0.0234801949111982,0.005945243518760386,-0.5930236483234443,0.0484230417564895,-0.35571968900119194,0.9178858791956036,0.10628597632601466,0.4870408121192973,0.24376354334352618,-0.40300650496435136,4
0.18029395528421605,1.0254525041346134,0.9500076371807743,1.2433286200351004,1.1401491702184132,-1.1125154239303592,-0.1035773424387835,-1.532322792651244,-0.24783331804834616,0.31522311071490655,0.06360546176202156,-0.014422048412849007,0.7700644719353464,-0.036492981093647806,4
0.1985883099442317,0.8953464589095721,-0.05716149222279564,-1.1176974264233996,-0.06780791181008562,-0.036994026625892705,0.5941215440028205,-0.5069955323902101,-0.0692609562771448,0.12173929702787416,-0.31405304925062055,-0.6694673069735605,0.8361810374680595,0.5458842761563185,2
0.6459578899604469,1.1764015544378588,-0.09595957536798276,-0.8235773098991895,0.876455750296473,-0.522633215023982,0.6487405719898266,-0.4591788182157585,0.014651103355496894,0.22775627840172394,1.153895840880616,0.09427639435829471,1.204713731326997,-0.8505250349214356,2
0.21593866472809473,0.6926609820418093,0.43767180281888585,0.5787919310028866,0.2466844028729367,0.5668270061900758,0.4427898198511378,-1.0218013804734447,-1.6551270717172908,-1.422881375057148,-0.41548112869674847,0.7147970919408457,0.1328304464091164,0.1159375799808772,2
-1.198322616394004,-0.8667232364406199,-0.9452324914004133,1.0807453450880145,-0.569438209300096,-0.9171399081244127,0.13561753955579103,-0.09386194588718536,0.8637029799566084,-1.11332080767612,1.0135074309178547,0.0733760658650527,-0.1305413412474065,0.21125190530678228,5
-0.2518795103941911,-0.8740093549375842,0.21109337553082738,-0.9315279205187577,-0.25624063685845516,-0.528137952994936,-0.27889757113833524,0.04398680501444322,0.1887250020014109,0.5608116890045532,0.5299030650874138,0.048457644252091696,0.44827160763853596,1.704587060928575,5
-0.9343291311863892,-0.02516189970094739,0.7277341990846393,-1.199882210967495,-0.9772410524541982,-0.6200179508320905,-0.4699324650930257,0.04857436053682734,0.8489257411422165,-0.8622246643639688,-0.8980196163736873,-1.148455144703554,-0.8371044306700878,0.465395388621149,3
0.38416647086751804,0.016467373091951756,-0.04554839849948623,0.7962954183916165,-0.4661769016228873,0.5946064345068217,0.8899329766234453,1.0844796655534135,-0.36839719670836546,-1.2363403387773744,0.43065227365839975,0.3657492327456834,-1.023705583278773,-0.02387385032559915,3
-0.6975578366003714,-0.575492313479395,-1.2947075976712983,-1.2106435470448151,0.23002035609069726,0.07973855787799085,-0.5324107771745149,0.5425450495080455,1.184182201301674,-1.0960339926129643,0.21531702416069934,0.6720252479767134,-0.396368679726963,-0.7242943185860012,5
-0.7488498155217351,-0.4109171658521298,0.2913809834039051,-0.463855995702284,0.859647523324437,-0.8748967196195061,-0.3166687316516617,-0.2259992772421772,0.3804506057086452,-0.3897910215590661,0.5076133755273344,-0.07994589097352164,0.5965392527626326,0.35372807271956463,5
-0.6330074596484754,0.3226862844641662,-0.5383923217855545,-0.2698271212999627,1.4534877152233088,0.6940062364938503,0.14417645770067772,-0.6608417983423394,-1.107263416676507,0.34780024850273233,-0.8452184466565404,-0.7584771969584156,0.4880038429237758,0.4062155808678869,2
0.367941981180289,1.170044551221148,0.1707722581940468,0.2875749353683359,0.39881394684961385,-0.7685181677647266,0.1997919224831317,-1.1939562341294165,-0.6742710897735811,0.9962808580278026,0.42060808628127266,-0.25856095963032166,0.20783944387009984,0.017083794997671858,4
-0.3783217697453528,-0.41238913835205776,-1.0268245690266933,-0.16792939897618772,0.23257402961373844,0.7045715005065113,0.6179902493995785,-0.1528204675510532,0.8342251818947777,0.03454283341541441,-1.0457224465778134,-0.46028769923860874,-1.2268174917066972,-0.468460323297309,3
0.09403169269313512,-1.0260212183992332,-0.520405119920587,-0.5897700348047855,-0.9735011285986788,0.8639706942481266,1.4278094099994174,0.2683568097291637,0.2811154444764162,-1.3654974489455751,-0.4845362784041688,-0.099625239418139,-0.6239242334397019,1.0840516654570447,3
0.9656786314412681,-0.32952991534708753,-0.08683224761842454,0.1573007776743778,0.08056503898991209,-0.8002199999600371,-0.727912832643503,-0.6034742562002194,0.9788688282532166,-0.5192816626576977,-0.9606609959786107,-0.700420538754221,0.6565107071138186,-1.676525245051624,5
-0.35082573919298665,-0.7827416345381858,-0.4559325129079519,0.6777997238213499,0.15866405519661053,0.47330872827662085,-0.36289796845724565,0.7038314860373591,0.31244862645966204,-0.4297830543777588,-0.42745567431620696,0.1961565482289454,0.1432544091745983,0.02063306764981901,5
-0.018351004850753562,0.6226940228078045,0.6578889727880001,0.0429691807434725,1.1044548930311229,-0.30268097327936994,0.10373564534928575,-0.842007474099982,-0.497133795262132,0.053055429451480264,0.013655150342394123,0.03478333357073578,1.0369444027485009,1.1061613755697368,2
-0.7822457884345569,-0.46515433233633935,0.666542811785405,0.10234997200895604,0.4170827374639973,-1.0988967544422805,-0.5324107771745149,-1.2014350925422506,-1.0804959707600805,0.3917994986613657,1.0332259890701367,0.7829521601208804,1.0260963380579062,-0.27853874183817867,4
0.6645898688298243,0.3400704555347126,0.4907617560890417,0.231075282737287,-0.5794997889322003,0.3253043420246777,-0.7555689116654916,0.1179788999550079,0.08124162109507153,-0.13071509270913678,-1.3147530183491496,0.03159057366577542,-0.2194731157155125,-0.5815296403435121,2
0.23543471633892693,0.9108847524470958,-0.05254610838332342,-0.3763862182451558,1.7496907446182177,0.786194943590122,0.745587547949246,0.442863056863078,0.12542376311873651,-0.09297342609776311,0.008765847968893665,0.07705661927470743,0.8729805494834019,1.1992679079320443,2
0.8338325945623427,1.143978125120614,0.3512703141455564,0.6805305552470847,-0.4466778145486296,-0.2568798679676789,0.042070894374878584,1.0287767658848566,1.1905935890688653,1.251312816798233,1.7868867451262702,0.743492521547607,-0.016406714972397964,-0.5968796568659852,4
-0.9980241221684173,-0.47754041753116644,0.35802345967251115,0.6365365243061221,1.2489752717060083,0.034518687076552944,0.40978109850263744,0.5703003886816317,1.1510122419850415,-0.8132239985719706,0.5989134755590536,-0.053862931860545006,0.8588333356169493,-0.6071911304593876,5
-0.4309707988790416,-0.4023673300862811,-0.2233408452881994,-0.12509868030466822,1.063163814496505,-0.9275299151859918,0.5176927365780133,-1.548664380110929,-0.4973052963453217,0.8214420727872748,1.0670848661513213,0.26335627477840284,-1.1888321040571193,-0.032648041449904,1
-0.13453952469390282,-0.5640136905743501,1.3231574506073367,0.09677047057384414,-0.49908558368050787,0.20169155266746652,0.30454008612802047,-0.10959178808751481,-0.5043874106836486,0.35458936148307535,0.9472910690841334,0.9872548205689287,-0.8960347159950361,-0.5256047960364167,4
0.521696677615215,-0.16593147459555554,-1.1054419563286781,-0.3443292191773746,0.7901371376034082,0.39073046525900457,0.28789955669010275,-0.653094914009843,-1.1476465503154234,-0.4472948861687128,-1.3015302305324814,-0.7691739158058594,0.3508118282369713,0.27608734310803107,2
-0.018351004850753562,-0.22507435498458128,-0.6656709242438957,-0.8067849132975975,0.1559038795105478,0.20392330412916027,0.08940815571332363,0.45289149159436626,-0.18336539647419475,1.4018130965859177,-0.0680647353850193,-0.5626615475690145,0.08155171063916257,0.3973788946117443,3
-0.8832605207139548,-0.2375821180193683,-0.02349841489513299,-0.5565572672118956,-0.5461841691265108,0.9286266026458712,1.0190593466695892,1.2756710225659635,-0.3686589910861291,0.14865940669743768,1.0721606632127443,0.3470896041782184,0.4940053152230726,-0.6891565207076372,3
0.9602073810464081,1.3080084567370949,0.5169058717913728,-0.647155121655616,0.722206911192692,-0.16147183420106237,-1.1642872172030054,0.4445951849327168,0.30159725559327055,0.1946265668581519,-0.011421252331736437,0.20288791599436742,0.7061665461032272,0.12251203848012858,4
-1.5284995981714116,-1.2649830706997742,0.23005872843782038,0.9021602184105836,-0.44419560191046437,-0.21218369896613262,-0.09585824062744205,-0.5383071591536661,-1.308857720207003,-0.36310563549993,0.6123486503214027,0.7335089785505535,0.6612066499878715,-0.1859146352229625,1
0.7841416170080817,-0.6501552472456011,-0.7154903590319331,0.5698395008091122,-1.2743628493528467,-0.3934364738946276,1.1763063074405553,0.12472457314883013,0.575769823855247,-1.2287428757371288,0.2650892055537835,-0.037247026895941164,-1.6940782451880894,1.4898978920703465,3
0.3526027162705934,-0.37254547850702957,0.7264582723823669,0.1642669201211616,-0.8273584032062166,-1.1098181848826072,-0.608545278425635,-1.1384832977299977,-0.13198665284131403,1.2033624323980259,0.9062413704997004,1.0223309120656916,0.2048722003809354,-0.20169771624344607,4
0.7395207439355972,1.6067131332517466,0.5917460105483117,-1.3088199271604093,0.9970125069532431,-0.12177262240501208,-0.8136908347881774,1.149010390643213,0.20904946977849054,1.8747585167339886,1.0963066459773252,0.6414253317696452,-0.4333916903692582,0.7097593823044336,4
0.2106541012077715,0.1807495526179455,0.5793280088657119,-0.07471568951572653,-0.18604829845087065,0.011123638422441084,0.33764949517685305,-0.5419838499824864,-0.8041885730456173,-0.4982783485903174,-1.2572265035721235,-1.368961970442912,0.8893662373289826,-0.3513768427415868,2
0.0006426872054729291,-0.12604021749446462,-0.21691958884169976,-0.24047532998579627,-1.00485054740042,0.5193646242398344,0.4616401003089623,-0.17742772640038248,-0.16523796517190312,-0.6307697381434738,-1.173149621677674,-0.7761001847565615,-1.2244150509567706,0.8137502929537562,3
0.25455833781104037,-0.056326268955410354,-0.9418029163241257,-0.16805102701427885,-0.6459859453319701,-0.29006015338179586,-0.7989072909361185,-0.8145381232262546,0.4441225424598191,-0.5291530011910465,-0.6142643445661182,0.6314429447416284,-0.9372865525945231,0.21025529271939694,5
0.6307169822017988,0.05173895860923543,-0.1521261963822295,-0.08419642104335433,-0.605572488423896,0.395280156380466,0.0666299577954226,1.2931530081524685,0.8489257411422165,-0.8293767815945149,-0.13230447361445782,-0.7204627365009637,-0.14964176498680926,0.7987025416603817,3
0.00847911769419843,-0.2818350051409784,0.7352693634807548,-0.40225834759413487,-0.5582876450856397,0.4526748877435095,-0.21688725280605892,1.0532287337561146,-0.04193219724880891,0.16500740749937753,-0.07945925899352563,0.048457644252091696,-0.2985651289342796,-0.3354970456790038,3
0.8116818180171016,0.9693784890358991,-0.1836835532990276,0.13828803343110074,0.5647673633152378,0.05487682240019751,0.20934590057109945,-0.33124892583157695,-0.0339894573343775,0.14318979263551795,-0.7096662334947719,0.011037577607369653,0.6608193454282686,0.7243027979971332,2
0.49643299842035904,-0.5958787678210058,-0.43212759941601875,0.8845232543543833,0.3846346745588007,-0.2573544834992521,-0.39689807035342,-0.9562130425745271,-0.2250480505768402,-0.0038407961197227812,-0.4513943040820819,-0.04704949220238857,0.3579478212487231,0.5745254735002518,5
-0.3754151739659063,-0.5113841285172908,0.8158560825052802,0.13855054462746325,-0.569438209300096,-0.2774881443864829,-0.2839595026978817,0.0284281275111205,-0.8328134068566733,0.41253005008670773,0.25245795955665284,-0.11625996432028024,0.8397551501078806,-0.16321973908857088,4
-0.9274165351710139,0.2627753441640451,-0.9957997283252059,0.7491264581101844,0.47417847769509414,0.030792997059857632,-0.7455901784540143,-0.023737014597952105,-0.35512318514040786,-1.90778763691923,-0.5295219468965571,0.5732828811438329,-0.0852208729756378,-0.06534611446606181,5
-0.5470704364531984,0.46044485021029635,-0.26461554168907,0.0018508561192108264,-0.02017132742551874,0.6875123659278516,-0.2195964628397613,0.12669700919362276,-0.4072635924747325,0.41253005008670773,0.35666273242240587,0.7835131002380824,0.8041587653051652,0.15692628651274834,4
0.6846612858415781,0.12455299090074624,-0.8978952787214968,0.3834664370224138,0.17148535623353386,-0.5123556155271113,-1.6177191206627777,-0.7684775233041612,-0.5718592670945236,0.8779914519662012,-0.02740313511968784,1.3141465151493854,0.4685457675982822,-1.212317713304923,4
0.6250654997211238,0.06493664077839592,0.09887292134412345,0.3102909548202756,0.25378189712098265,0.16318711139351139,0.42106348147907174,-0.5688947448281045,-0.8014158845474512,-0.469617344838712,-0.4577276876635081,-0.3190018661726658,-0.0442154237694272,-0.2168798838606707,2
-0.6353993207061533,-1.3917120895201336,0.35837943726043764,-0.218255369375986,-0.36073845068582977,-0.06297564741075393,-0.5887894818876466,0.33117614883169955,0.31427523670050345,0.4329864816928758,0.03661076336822692,0.2929121302141042,0.32374441779403035,0.4297584252643861,5
-1.0780963770390273,-1.1493181756691437,-0.15265287859617752,0.3519697024711357,0.17595603424661296,-0.8635919774432755,-0.7621231303907323,-0.3274373631827579,-0.498390284375805,0.7027392948737496,0.08925462394990416,-0.31520467757714915,-0.22757876665876786,-0.2957773913366792,1
0.00847911769419843,-0.24751513291536117,-0.9369248317495535,-0.8880150933431694,-0.40744408399084614,0.011180563984220631,-0.8005318910646311,0.8872196088893355,0.03263842117442421,0.5751315371949294,-0.09667125363893637,0.8638969864769379,-0.6823160299827153,-1.199443243750594,3
0.34155122993186204,-0.7255215776028342,-0.039939842050100566,-0.0697888579167846,0.03238702131057477,0.596980508429996,1.6412475447203192,-0.7574132716589006,0.46751259633810444,-0.15578911912181154,-0.3246425953968812,-0.47433433923728524,0.38043734296347825,-1.7651354649547812,2
-0.6782755062717996,-0.5601823089474023,-0.5124753611092141,-0.6261564040821092,-0.0891776386755737,0.20367532176348216,-1.12976851154232,0.6243393503334076,-0.2862111593759844,-0.5148560903841122,-0.3318873492225115,0.6893454316294038,-0.18388164289212677,-0.13893236816894428,3
0.5248256575254494,0.9312759997660293,1.2244224813996196,-0.6883078354743901,0.7940502225817585,0.9900233755600726,0.5159767586207417,0.4161133275423928,0.12740465256273895,0.38590407534857646,-0.7920835000447477,-0.326530700253465,0.14240382293650067,0.2305052201511081,2
1.1356142473054636,0.705404002913601,-0.4861221568567006,0.12446248658223387,-1.096344710015958,0.8670584453170236,0.7508783004597566,0.4405687590720643,0.3348547418266395,-0.21358514345118892,-0.8473032789152416,-0.6984316115783121,-1.2955155248272168,0.8881605608667912,3
1.0387208479459602,0.5454979340783519,-0.381686792660174,0.33385183183746,0.06700282696005842,0.07360684808381456,-0.19472522677944015,-0.3628799242901677,-0.6303478122819266,1.4593863239138432,0.9527177465785989,1.316713327584369,0.8886934831394465,-1.666921064767501,4
-1.1324657010335537,0.5051623912690193,1.5276052475152524,0.06957406695819134,-0.2304379904449858,-0.4518705838401867,0.5863491148683898,0.04159529617239746,-0.1194686180349781,0.07171637673063067,0.9116065033532534,-0.37253745633565394,-0.07654811563603468,-1.429227094850719,4
0.5175686543416341,0.03487953104132138,-0.32109903206081686,0.34452457939414755,0.15314829097833899,-0.47106423275562864,0.23941411299401888,0.3753396532541325,0.3588093827243597,-0.7782455183362594,0.30065652283141264,-0.7454656761547241,0.04353986131210389,1.203722937073092,5
0.9871314895749965,1.3903163297701882,-0.8430947252893077,0.2657946254910821,1.1179089877686035,0.6851864418845731,0.44237178468678634,0.08599900974132176,0.19676246837229291,-0.2587358405148769,-0.3344931269206088,0.22077640673187926,0.5970878198153318,0.8084343777417954,2
0.9653547340519306,-0.10690908139062813,-0.5586467509817173,0.7354150978863941,-0.5892179124995394,-0.4097492859659195,-0.0994593614211149,-1.1235367864741632,-0.6324008789449422,1.0381648604929827,0.049584901846024015,0.14569679570487878,-0.6771311807755219,0.3614563967111498,1
-0.7447126810351892,-1.2309725168351786,0.18680821384131555,-0.6443668062787636,-0.7447644782321947,-1.773225592267213,0.14195155898940126,-1.3911380972102347,0.014651103355496894,0.20565211192068528,0.9839540080751163,-0.6354014524047823,0.7061867785797795,-0.009688884265605295,1
0.365075621285921,0.013759030104695936,0.29462456353744254,-0.40730156307419735,-0.43119896349206543,-0.8002199999600371,0.7486079178987513,-0.6781016657487011,1.1177328807346152,-0.575060589013274,0.7980139661094736,-0.5551832873883303,-0.10557780156124728,-0.20995172115551167,5
-0.3454738841577923,-0.8006640946455339,-0.5184591781839488,-0.7730995551977902,-0.3830842160370193,0.4944494475199598,-0.14249261778320593,0.06389617566747925,-0.1917364648861267,-0.3188657417451143,0.4426902287451355,0.5783650875797675,-0.6076121959234743,0.9023894454901962,3
0.2239425944471474,0.6889899457051241,0.19275794993203663,-0.05255390238054371,1.4691698061807903,-0.005945243518760386,0.7375726047605575,0.23916712550406244,2.325231619789774,-0.15097428746779415,0.4445275418471816,-0.00227786753548802,0.8892789406636885,-1.4845084897506213,2
-0.870817921005953,-0.00035004943156444104,0.4667152384449781,0.159452276700505,-0.1170096971589772,0.19398980528262935,-0.1678322555720453,0.23488505449705194,0.2000685245579632,-0.630751661841342,0.037411667427187316,0.4951214685468839,-0.7016456200179096,1.4002664873213642,3
-0.24311752142840867,-0.31665563436550137,-0.5877883158876736,-0.3957741588067834,0.3666010805314915,-1.6309095398939488,-0.6726099420259605,-0.6412936452956898,0.21753337266015899,-0.8566592677185648,0.5755423494101746,-0.37456137766511144,-0.04447509210240846,0.5955118208829021,5
0.8964900748659973,0.03929741955153192,1.7653237409637441,-0.14199364791998142,0.34784479733838125,-0.38035556192339204,-0.9404191866378752,-1.032147471144294,-2.3091165835843284,0.11239238459916562,-0.4904838697520186,-0.3432345783625996,-0.13727358557700167,0.175649915788702,2
0.17896638175388993,-0.23665183089793596,-0.8157219327389554,-1.6581741076275887,0.2783227533540833,-0.2181816523095824,-1.0244340769629436,0.488647150642107,0.005226370069902046,-0.14588985551107944,-0.8452184466565404,-0.5531355813279224,-1.0031313153481587,0.15511727607931353,3
-0.12377389325671576,-0.020943271098858116,0.2913809834039051,-1.2753262745978062,-0.40744408399084614,0.7661258854997567,0.9494602620025032,-0.7342581257753604,-1.2947951932728199,1.0261292995422986,-0.36504453413336063,-0.12065826459805945,-0.9194812242233337,2.165413462049266,3
0.09735838202756819,0.6044604906809767,0.03805099670402296,0.29087697742396584,0.842894043253937,0.20303828758937237,-0.28080683004928364,-0.5772950332479716,-0.39390769606856385,-0.7216976401322308,-0.8575959970416762,0.20983506494108792,0.9665989263676347,0.6310953180913741,2
-1.0204142597278596,0.1934164123822709,0.49814673408637117,0.14528601483973136,-0.47315019616757925,0.3899574908475394,0.248330100526737,1.0617469780509052,0.6141473075934127,0.1665527276199738,1.1603988346221876,0.8580740622072996,0.050155871011870454,0.2533815257643341,3
-0.10848740261626426,0.6993058775374676,-0.4933970828593006,0.7898227467635306,1.6388232930544386,-0.05535803956300204,0.2536265598556991,-0.23358483100291139,-2.001202009280002,0.6880013423699879,0.4992310824691605,-0.16259319661567176,-0.11404454779500747,-0.5073899951159094,2
-0.03590318131698557,-0.40480307255561654,-0.9526729294168771,-0.21951193874193525,0.06253433482619349,-0.3996914854496039,-0.47887435870765066,-0.3047240912351998,0.1572676134006589,-0.11426278216741917,-0.36738326693350287,-0.4078044342772622,-1.0901931135127998,0.5308054030010749,5
-0.57521994987749,-0.444632003507331,-1.1456869369309748,-0.0018508561192108264,-0.4169762051600987,-0.47457111931062596,-0.9204620177888578,0.10553398781882684,-0.02363666363562812,0.12364557110043808,0.5111112699672093,0.7433547398313443,0.8041587653051652,-0.5793773724479949,4
0.014243836118430936,0.05674786846464735,0.5990529705574775,-0.9252102606340106,0.15598487991474094,0.7014721042825633,0.6981786949946875,0.8479507203952099,0.1773362197826551,-0.40851258383100253,-0.13028766830445007,-0.4385082920061696,-0.21676438168995382,-0.6020989713251543,3
-0.4246055719183591,0.1593586699554154,-0.5033583268429912,0.746765528286714,1.1998440326931628,-0.21544141350721233,-0.24834657084209044,-1.4714471121126944,-2.1833519094790117,-1.13646060636779,-0.5527117692018337,0.30553192563318976,0.7884257429792151,-0.6984196592614393,2
-0.6439205420204219,0.12037864298874776,0.8987406673180526,0.9716468726075176,-0.11935224948212339,0.1711095789112394,0.49979627015231026,0.1801617977700229,0.297979588715748,0.0753331771214294,0.32811791699018267,-0.011807835171331844,-1.3245209244289988,-0.5212836156912531,3
0.013107239214479096,-1.2708791023868566,-0.14019873852332396,0.9555446146147496,-0.8259925469232171,0.6584780202613156,0.5124569015118767,0.23931869272285733,-0.04205735057954637,0.041841732525979156,-0.7682968545854604,-0.6277743828382989,1.0420058775995245,-0.7268697409760219,5
1.2889584902137396,1.441826356160385,1.2612274395989853,-1.145672984587497,-0.6746592477447381,0.05449080430596171,0.7678538216196396,0.9676274748168513,-0.0008613818051452014,-1.2886662961209385,0.7369755477495565,-0.5000900602904611,-1.029374049437474,1.5668102658244245,3
-0.026273057319903863,0.21891611741145142,1.1101418297949983,0.4481377579984336,-0.8226545197182592,0.4232279777793891,1.1776165788841797,0.06103777662109797,0.013885826597782655,-0.37540590641389376,-0.471261956653303,-1.142879435780522,-0.5630972051034224,-0.21654485932055648,2
-0.43691505156887794,0.10474394740306285,-0.04927813370383988,-1.0510599006427699,-1.1459210336287031,1.129502815789462,0.26003284051869363,0.3461350079822057,-1.1645720009234264,1.9174989987672328,0.39362801053066276,0.9917366450260519,-1.0997650411395328,0.27183257198642546,3
0.19501039510858367,-1.0103381252549408,-0.042898836295022884,-0.2605001167805832,0.11882416029628512,0.244184363914468,0.7838748519209964,0.29493095188521085,1.596872841996462,-0.4194882022273616,0.8172101675966467,0.21364854673959083,-0.18019228726950895,-0.6426867195843573,5
0.8944631027813164,0.6123038901867149,0.13916605750519861,-0.7948004847821282,0.14087674429366714,-0.6515281058674203,-1.0056780391601141,-0.26394127483897556,-0.9999675841057722,-0.41259156493663046,0.10844095689172364,0.30841890386958803,-0.62913243950299,0.3293147604908782,4
0.26611846562970154,-0.4983251377161728,-0.394593617712759,-0.23362993090987277,-0.6784484416681548,0.25950933446053875,-0.7432997127205685,0.11058306121122585,-0.2326448772095463,0.9733391298563681,0.2876209294843888,0.7781611398894143,-1.3357650601732614,0.08235438257712809,3
1.5189775319330743,0.9596321524820789,0.5104435249264084,0.5385560163567912,0.09325068214388586,1.7372614402566975,0.7386447379382325,1.1796806181823296,0.2705595109655492,0.08127703297684957,-1.0083277195065714,-0.22136471257099338,0.4126485177806617,0.30090809349601527,2
-0.39528164174111813,-0.47310313398287307,0.8136959688705727,0.11662569256513242,-0.3833392843520281,-0.28510769189554114,-0.48355696242858365,0.4799007363228347,0.9795251679353493,-0.3792431760176807,-0.5091219517654447,-0.6162259950756225,0.02085501664727119,1.0951566282027139,5
-0.5791087967688692,-0.7606570806578982,0.2954822817896672,-0.4981818637900084,0.518070764291616,0.8907546561089686,0.9495560709812186,0.06361546059045477,0.140244263643238,1.5178203294634034,-0.9816850475614124,-1.0915391851939322,1.3913036852464564,0.8972371336944813,2
0.48037476184215655,0.5365906638113197,0.026053088665416356,0.01074201687874749,-0.19932890128916847,0.3118625823313292,0.3747086858934677,-0.4030541340715808,-1.1370184722636747,-0.0001542587641399188,-0.4234963694361734,-0.30479871859000063,0.46275437162210237,0.5639331189286776,2
-0.7331240054823634,0.00035004943156342905,0.5979628135179499,-0.5560610876392843,-0.49570008324976134,1.1059268487172038,1.162114160466243,0.8479507203952099,0.17043474261385808,0.6515200492385093,0.37749755061715695,-0.26827087158724194,0.4769122864992578,0.5279703039615435,3
0.16473730693487848,0.08485608810848595,-0.42366040195074767,-1.1924225128774433,0.7391964135223271,0.3365093243923502,-0.5799399116268785,0.0284281275111205,-0.7263643221357737,0.4934775603109958,-1.128724502663019,-0.4930909649259871,-0.40542702648410955,0.6783328311882645,3
0.6714307369532876,0.5880853431804917,-0.9590878506246939,-0.2625887866791829,0.29494107145595394,0.9304421564784835,0.4376874025756032,0.550650307916325,-1.1138638117096473,-0.2373953220886917,-0.45674341054623174,-0.2162964063498359,0.38029192283029045,-0.07165686279276257,2
0.6057520561031846,0.28237723998074205,-1.0582767439777339,-0.6004748613082324,0.0234801949111982,-0.14964466393577255,-1.0082014273837514,1.4184938064573867,1.3510174691430672,-0.5442527729960884,0.3108695865347328,1.2246581284020608,-0.3837511188967111,0.3018451929909711,3
0.3174925859192616,-0.8003529674583213,-1.1183044613619604,-0.33431060376282323,-0.65182865886168,0.6319771194709936,0.6568675083265134,-0.3583019944257013,-1.2054318183041706,0.3367942036545612,-0.7312388970294242,-0.5829751621310836,-0.2527147583019965,-0.48987881700685626,3
0.0006426872054729291,-0.174364264593663,-0.8555224350103754,-0.8173787696449047,-0.03008642071417466,-0.7821296843481191,-0.09033729899804627,-0.8211212530974019,-0.2600349263338117,0.39986327722084347,0.07981616249534232,-0.4560806711357255,-0.6639688942746341,0.3996290373299836,1
0.09735838202756819,0.3463409430415996,-0.16034375999049855,-1.0132820645134053,-1.4753489275484153,0.6595230650405338,0.5096363835069633,1.6174509997936528,1.4024998955666395,-0.4363620238200474,-0.0018350615262069866,-0.5538587246366083,-1.3690503401399807,0.21023774325141786,3
0.3323452278243011,0.3931788936626873,0.9378192339903151,0.146297700842458,-0.23601972145107425,0.03429518906411362,-0.28168911392931845,-0.43842439071534,0.8461129448172983,0.20765253568419464,-1.229431946824146,-0.49965726123646786,0.4953837344074796,-1.0256693598897015,2
0.4822280280130669,0.23664745943041085,0.3758403198230092,-0.6033922462675352,-0.5195328418627907,0.5461987429427946,-0.6483266694373527,0.35917773391204655,1.1459030609057836,-0.2753159342933636,-1.0808887896289436,0.3355792372532946,-0.4863881351352927,0.6079227343374006,3
0.5685448675916815,-0.30615294465390414,0.19392021669996148,-0.5493763632718911,-0.001385003014023984,0.3025125585447917,0.44967707737814594,-0.2974349956074809,1.1162765540966637,-1.3235809718680223,-0.8041497993758893,-0.18261139854603126,0.12420320119921908,-0.6590074495283786,5
-0.9471293389614021,-1.7971253572849093,-0.27581445621320977,-0.23694380467768564,-0.3296253986453243,-0.3226203742626575,0.4839541598834804,0.10131430811127946,0.7853835447140137,-0.46557109764641313,0.5080446483337991,-0.2787856277414693,0.7624772065248836,0.009148030403249607,5
0.018928803072483444,1.2191835004631173,0.7372126185197335,0.23419618302533265,0.8398327412872696,-0.15831965527150638,-0.5173724214064793,-0.6236117004906391,-1.236975622170831,0.30139130839771344,-0.2775997344778218,0.21833806000111455,0.9643752761986204,-0.07015191567849975,2
-0.9676721637190459,-0.8619592771682844,-1.4342360284571507,0.018631058318913502,0.5803160051999499,0.46816468303490505,0.21483846604957138,0.32080212719858464,0.751029443056494,-1.344387767125309,-0.6045110469446713,-0.04985071389725753,0.2933910674910797,-0.6399148694695067,5
-1.1837014756205544,-1.5790414640240322,-0.29581247073831546,0.06103791026408294,-0.37398442002175236,-0.5141255386070184,0.8899329766234453,-0.13986487361588532,-0.13087780060773394,0.8779914519662012,-0.14206251874251108,-0.7092796660104127,0.02198676402232407,-0.5037617414330325,1
-0.5649466509532063,-0.577749996365556,0.0669577758231378,-0.22140630864973038,-0.7632060130061098,-0.16819275984920906,-0.5665090474242095,0.034496715611796146,-0.8969749607427487,0.552005734365397,-0.3785771792413722,-0.399597434640596,-0.037424894558675745,0.4608296147840182,1
0.1950839019886537,0.13797558792897294,-0.23300719187760727,-0.6644753270281408,-0.5958590503002973,-0.4044659912207411,-1.1455140203124246,0.5031136066736507,0.04304752821555287,-0.08330980479625266,0.9058640368426708,1.2691296929672273,0.8241967683783642,-1.2967622858793055,4
-0.46458178472640865,0.49063556195013786,0.1614193082029496,0.5951024057218839,-0.241818095569573,-0.23152769067605267,-0.3703131881933536,-0.25214007151787116,0.9118009963030701,0.18324747519215223,-0.7512872851816706,-0.4230341602191739,-0.1585101504753447,-0.4470483479876796,5
0.2106541012077715,-0.2523534375372542,0.0019491423093819372,-0.7695330875860563,-0.24902623975542507,-0.8729245235628232,-0.07132437578616356,-0.2515222642633941,0.6879631624565258,-0.13071509270913678,0.8808654214221301,0.11959070230062425,0.30719496583168865,1.3100831708637128,5
0.7081999768185939,1.0749178192302318,-0.05492830228379636,-0.029325399224422937,0.48756338047730147,0.5811287110419595,0.5450279827308449,-0.581411860615308,-0.7850499692364424,0.25063417549053363,0.35666273242240587,0.7700279205826148,-0.7672997550831507,0.312179051871955,2
