daily_active_users_per_1k,avg_session_duration,screens_per_session,feature_usage_diversity,conversion_rate,retention_30d,crash_rate_per_1k,avg_latency_ms,support_tickets_per_1k_users,bug_fix_time_days,deployment_frequency_per_month,nps_score,app_store_rating,revenue_per_user,marketing_cost_per_new_user
0.6184668050891884,6.503082650407711,3.4345063804169866,4.208558092786508,5.5938589059812855,5.509497764162144,5.119400362403651,23616668737266.695,5.964747513468809,4.913804763768716,6.040889872219334,10.048182044378095,3.419484587692646,9.223340941870475,4.781570167094331
0.6184674258948794,8.528490379572967,6.017034532914302,5.13345640430499,4.314667159989914,5.584967889387801,5.600386887239363,23291411096368.76,7.822877725342709,5.2609766343039945,6.417972223160214,10.648048429225817,5.156175739143743,10.196806872326034,3.9230768051771054
,7.778993116542494,4.666499639776403,2.0716615538970227,,5.403592591137444,,23135366902016.023,5.142395126337971,3.1405090873617953,6.3568483980024,11.21414844973257,5.285970705534048,7.300361501485125,
0.61846761769204,9.468922634687523,6.603978895573508,14.405173060202987,3.6578650027669766,5.570207505709568,2.703202790750361,,6.363706015636003,5.59186413026742,5.506956016219761,11.099666930021057,3.737141676019186,9.150649667566343,4.677199078466544
0.6184672269015269,8.242374487456233,6.228929389637687,2.9835340110555197,4.709845344330473,5.494512146989176,4.748834750554998,,7.203755103950731,7.903711673163283,6.895599576929635,11.19400698759491,5.127139966762471,9.981140652851495,2.791378503829561
0.6184677463982446,8.787078335931607,7.135002459479739,5.242841859489079,2.919006906132082,5.579346517827841,4.885997905640268,23866155993369.65,6.321604947210665,3.4693673400805403,5.273970987849986,10.650430984439987,3.361282484577768,9.839750204513573,
0.6184666236599424,6.943939600306712,4.6394748897362,4.172941721480151,5.248790159176525,5.5560858183211055,3.7757392056501873,,7.609521705543385,5.979345880156076,5.995080664619262,11.081971776677936,7.710162462118338,9.9823315534164,5.013564277321887
0.6184675839169765,7.608351698556325,21.062159301516655,5.540972708276592,5.293692371900695,5.496487806118742,0.9667976477886088,22434543525637.418,5.229168117807607,5.009189324127373,6.305839631550428,11.673673249324205,7.162546287886363,9.208815883755294,2.234197673611829
0.6184669945175546,8.509907492014607,6.472239272628588,3.3876704876074006,3.947632828404697,5.507079567761863,1.5636749603870665,23365773709157.88,5.921867999830691,6.400328259898989,6.062165130541824,12.04408996441479,5.02232777690848,8.98394069255521,4.409988345892914
0.6184676102977522,10.609491476115045,7.631380322202444,3.6385706951267847,3.1129112280263045,5.5449202951386,3.9033055706886137,23398522880173.83,6.570245358881169,7.427452888972004,6.082647382449187,10.901075754580436,4.780557872308424,9.139552614702684,5.30054317407824
0.6184677389077418,8.655639799762167,3.15725918816256,3.2238142705938326,6.628916025910717,5.545173914177468,,23375348626161.14,15.473406338564974,3.5351443646849714,7.658778292072592,10.887636370372592,4.229562455404976,9.832917894107391,4.110738520178624
0.618467365593246,9.892500826854898,6.431411585313048,4.80752697218636,5.055813016673409,5.576374120910823,3.389085929570038,23007574712361.473,7.180540062975289,6.564094459269165,6.515537531074929,11.186167916530874,5.353597350914552,9.471425618348686,2.7304584697022642
0.6184667390417342,8.13971238440345,5.617667439761827,4.084067137221852,3.962702652936538,5.5721664547066565,3.0463890638686335,23223838999904.594,6.0682824878861235,6.940911242718253,5.62128489664867,11.153506320965269,5.5131901764285685,9.619750800105962,4.365941660430958
0.6184668014807067,6.979688091119935,3.5574841298545836,3.5845222526444322,6.030944540878876,5.517224371921113,,23754266837338.875,6.768282390164131,4.38566807194056,5.764586845467959,11.896635171289308,6.01613728661505,9.875202009996427,4.71718563766482
0.618467413654133,8.932824599882231,6.226036629092961,4.716988265764577,3.6805193337723208,5.585324339050763,5.05411885869036,23241219150903.1,7.895903342988939,7.084576900583227,6.682975385475408,11.275767167297095,6.5823203803664665,9.794979343291539,3.3492620440438103
0.618467422559008,8.239849220728212,3.4043112790268575,3.2457703165385876,5.731341669959754,,4.33581692431083,23836364898053.812,6.875941207179274,6.748208643566664,7.195304923054802,12.045824448140158,6.050213606014905,9.164802418909698,4.117503311851943
0.6184673872281969,8.234853964335418,5.453513077268661,2.9267159434262444,4.496447173606733,5.5148730995960005,2.6098384388372775,22887934399916.777,6.3433373093841015,6.959585313313025,6.854449621536969,12.16729968861767,8.397987905568456,10.533776621452013,4.449950554429036
0.6184671327864995,10.22314627988095,8.467858045031134,,3.441501330571674,5.514825662197794,4.471493420360358,23442631095344.06,8.599645986125322,5.825430594611348,7.8564287577538305,11.31589921034148,3.2783756396366246,8.823336872817276,6.54310995298531
0.6184673797488434,6.251467929326884,5.265364655189739,6.29298346477678,3.9765758681183656,5.545870929414643,4.630976074273665,23045202660736.383,8.344558043948114,6.765210591440468,5.182363449112307,11.621759979134788,7.890192237533565,8.748963251497678,3.0226702306200006
0.6184676166504738,9.949767461085079,8.508950838762239,12.163998633901173,,5.494497331238199,3.9143360882737626,,6.197108034629269,4.692522146497916,6.127801465921296,11.377242105774684,5.693325313806328,9.110801617315623,4.03250803698812
0.6184666263614038,8.038454125013144,,4.694266013752138,4.520033426551079,5.462094575606042,4.3501567576249425,24007018922126.688,6.663119175402641,,6.506914438682329,11.598436494147844,,8.093397870217931,5.798532626513531
,7.821758606000824,4.48683346800142,3.3925052492690013,4.005599848279118,5.52207199537861,3.545714847263471,23679263593154.02,5.890825347079483,6.193563600895269,6.237513007672145,11.35841958376463,4.7475624638831375,9.06427286060655,3.9892422660287092
0.6184673301600457,9.712697538129904,3.4514179392360163,1.4016771473860128,4.914608363074483,5.576626573232576,5.059795701526336,23257889845807.477,7.719519356781357,5.116700966590958,5.44760670934764,10.282082474656528,3.9065448869347326,11.106821545452634,3.209512651475323
0.6184668365452127,6.798060178148273,6.779962065216714,5.981604652980627,5.495433017794059,5.520230589821376,6.7537155536899895,23861833558997.008,8.662102036546075,4.994453249495251,6.251864617950276,10.873287143643248,4.401435558374349,9.681655629691276,5.219351381997878
0.6184681027125751,8.657560698854736,5.561176072510106,1.7467931321995949,5.238666347894386,5.467047667162938,4.0031179018287295,23251726680500.86,6.1985746958566175,6.4037863838913065,6.22097836221844,9.887055689793735,2.726264116939807,10.763566742182688,3.0502882630514705
0.6184666634643939,6.817517891911275,4.254463128434094,3.760846441870284,4.4604012940079425,5.545204841814194,2.75445694439843,23974065434371.914,5.191559693057917,5.781377854481464,6.52589843764062,12.149501111468812,5.156900015774979,9.289836286621915,5.747039234959254
,10.24309795643028,6.269137909689742,4.5276345207191815,4.520714037321123,5.564774529070942,3.9241523105712943,23428023945493.066,7.695239590943792,7.535834306915764,5.453849656685157,11.65203007193358,6.014758530880605,9.248264172141328,2.9026860067931044
0.6184673460937069,8.819680747447578,7.242617176948503,,4.578092449229378,5.508689248307896,2.487884900594214,23349820298650.285,7.009389449199825,6.261966154325725,5.719142352960196,12.277643930532694,18.696386391265087,8.593939880759878,4.111376921354633
0.6184675500877254,8.198117319720069,8.200515371801153,4.1877661201182255,3.2168073056245707,5.424022338058007,2.680626101370669,23330319300054.113,5.236157500836105,,6.544833047363304,10.97775793068833,3.7201792284247146,7.726449223968148,5.929695568970414
0.6184675660275416,8.18919492841581,4.799639402071606,2.587183537499244,4.582617550644683,5.493390905110404,,23381853494573.477,6.968502211966379,4.7645127660160655,4.90548928573087,10.72574223735273,6.007483981428617,9.362390989884345,
0.61846738701114,6.995799336316395,5.775966594734523,5.86905421449437,6.746515477230293,5.530798139519293,2.8645382355423,22673611123514.87,8.14949484577591,5.5155378375751924,,11.030266264634228,4.321315241248969,10.242062824800852,4.166991474909532
0.6184669532508861,8.178052339288843,4.541134439446573,2.842088420247986,3.9068268501743804,5.619259554843463,3.662054966251771,23072805088637.574,5.551489598169799,,6.054780421325636,10.65634521711196,5.510639106129155,10.886622062658635,4.0314725422359725
0.6184673032421889,8.52099600072169,4.110022385645413,5.06456005078962,,5.573895693780871,4.309424313828186,23302498627815.28,7.766330717747529,6.82120854213549,6.523699838236802,10.950656307551652,4.325680691086988,9.278429155866522,5.660647808771729
0.6184666386466495,7.508292673795461,7.066994135484833,4.298543579281907,5.072060581348069,5.5123878959970565,1.5744860753335057,22540328566858.805,5.824355227117836,6.208233848495083,6.459670848210357,11.588257471795155,7.017166600643851,9.404682433028256,6.1315173075641916
,11.05585333295771,5.579880205609483,1.8321946280445622,4.481888192263671,5.5237778349989615,4.411360745048374,23057016488422.062,6.548053189707881,5.070728296386183,6.115157942103804,10.800123751976876,,9.854910681292006,3.999389926444562
0.6184673646832713,8.91588727065285,6.779713017162643,5.6393347636973195,3.9976475359305215,5.5339886413529875,4.8314397095660855,23785656924871.03,6.997047615682745,6.969597759679198,5.7288031106554,10.693854358973772,3.665150714820215,8.334294490605766,5.477194020289943
0.6184668333648291,8.491122405094574,5.817555608417625,3.8312490356849476,4.552046366909511,5.5845648003197965,3.2269192730192966,23481881272698.13,7.247458960040218,6.90234166855985,4.9325745085459305,11.517864611331484,4.840073332713311,10.23563183107899,
0.6184672579641415,6.818793216060644,6.409208553346453,3.295518779736934,5.165492542205175,5.467061724662044,4.632920995025744,23779906385729.133,8.464895837776558,4.672568439560838,7.417555900992844,12.409725940203776,5.503713125901027,10.662952106493258,6.350574739879999
0.6184674317854081,7.906707736265212,4.330541219157673,3.676846334266608,,5.547748518903091,,23389574017735.215,8.666821503388817,6.075146998525188,6.975693631137578,10.789559059612037,3.2486503921991337,9.922251873723857,4.881917916788786
0.6184672491267168,7.328157022117224,4.382733197147706,5.294620958768067,6.100881665508076,5.489806988390569,2.296399049345608,23623197297248.223,6.556437735990798,,5.486274796990245,11.853267410860212,4.021620793273758,,6.475967439554149
0.6184672093856436,9.633375736803307,4.711917944813425,4.036512549603461,3.6788890730637234,5.604245641193927,4.080962829264311,23939544836428.85,4.910653252187958,3.6001344319848356,5.252193784032255,11.207513148684203,4.946064757414838,8.963601337417833,4.3991224739666
0.6184669076993827,7.0051325910374445,3.0320079986140027,4.682491140386952,5.064748074899195,5.562110564930494,3.5239967519106363,23301212404132.473,18.107003645659233,6.064919096253527,,11.597537218018005,6.4637876836669115,8.83354841611449,4.281611710123781
0.6184676244422425,8.210175525133089,3.995187708757162,3.3789566588047744,5.131905767467361,5.5468804278054895,4.009640836476228,23145237171803.67,8.060466845010168,6.323615037326917,6.930924525361507,11.968805168145373,6.88997990515143,29.185635504262763,4.1632226612064755
0.618467860540332,,5.950880893014186,5.188535760250009,6.747179954157986,5.531488329610809,3.1180833440584803,22997757158565.2,6.810739544320864,6.4206158902256725,6.586651180094248,11.54125875935062,6.347462737425285,10.004583800036889,1.4621516793338742
0.6184670272400445,8.737719137018438,4.227309608055832,2.920102251297093,3.5761273311159516,5.589497790982534,4.716889970973706,23716871128509.77,6.373852851211918,7.131153856901193,6.592974484000651,10.456069119819656,3.38275404094551,9.120416634560469,5.294148556453545
0.6184673644570444,9.874128210607328,6.94228865974907,2.224736665705324,1.7472374417228234,5.5853698815206725,,22802956905369.758,6.862506414719802,7.732421072991167,6.156621685932101,11.035403751895013,7.735225762872113,10.36605431300896,3.1182443857201787
0.6184665252920651,7.46358179784195,5.831209487177144,4.500452110077644,6.804292460622369,5.507991087401187,3.562447535938651,23411371461469.92,6.565321912300306,7.793581892184257,6.520420476895775,10.930989375285927,,9.387364098437489,4.515038313349442
0.6184671139418284,8.451141516710807,,2.9906241573226593,4.019449341241136,5.532785649885275,4.6600840491842215,23740537696126.652,,5.893054959977106,6.582020403826472,11.016060449062257,3.8429454713240925,10.175653435628623,3.3960973252082476
0.6184674747723634,8.079138332293477,3.6271303595033078,3.190953283848869,4.343683824906132,5.547712794383511,6.217664907483986,23069566838579.645,8.669168008873482,6.284917671199503,6.27282636109735,10.93956520498801,7.331920145275439,9.554391872984793,3.4997149694667495
0.6184668857897005,7.756010063241489,3.431313370802913,1.0787574257623165,3.999871799842037,5.49695081692967,1.656308173366571,23182270867250.723,5.600158248482552,7.719189752080388,6.191581971186954,12.175505691585991,6.945273357683642,9.582175712999625,3.6697829085598714
0.6184668371469968,,5.268448910926504,3.441197254720541,3.697899933225506,5.5136806614302,3.4124109474835165,23949082962751.66,7.386036210042253,,6.600751072220665,12.19686617609945,4.617514886477958,8.808903661163601,6.448238272029185
0.6184666038492367,7.174223493296983,5.951397548625228,,4.184917696931074,5.57165259502628,5.367579573467696,23782433262637.918,7.70216530076853,8.677205786839776,15.719496423229796,10.779172472885156,4.66163516693461,9.441699225481255,2.337307800074265
0.6184672778197323,9.127693290748466,4.827918528067247,15.064962911314513,5.159031549469195,5.59465122814307,3.669313266975952,23472655251870.78,6.544809877249956,6.059378509288386,,11.04121884559473,13.26552762658192,9.555022389413185,2.998218284081408
0.6184670138913742,7.230343020295001,6.031985703958329,4.698126073065074,3.743411627471772,5.508209310251175,6.046408598808077,23622892319886.15,8.30229311910026,5.0446013439732535,5.445018792402988,10.820608818436144,4.8780718559091,7.764032912109421,5.289814354692386
0.6184667178649856,8.747281221804373,4.691807110706142,2.4640004889303064,3.2948551847575267,5.531979789231626,2.8685348812171174,23168367794416.016,,4.792592083746873,5.705306445857305,11.118105678614349,6.2050715754809245,8.72874291917028,5.071179032760182
0.6184675677486909,8.750408624255885,4.638798125784865,4.239672754515403,4.163003436085563,5.5201224019024,3.727758422015758,22770834613303.42,7.8173733016864935,5.864470943306638,6.071471657586265,11.289559576556664,6.548086853142837,7.893712503974497,5.104463757947842
0.6184669894321033,8.245495974088046,3.1087320528769373,2.418186128243742,5.029805330940206,5.5821950095379504,4.098192634886604,23291092615003.43,6.539193200839539,16.45009546712901,4.543678854748309,10.576801664778811,4.8513623101205985,10.065925393270463,4.123418464162078
0.6184674547938196,10.182446011100101,7.224649779619083,5.7109705434969005,5.244140762760963,5.56278950268481,5.893667431874028,70736018670864.64,7.523010650255041,6.140074322935929,6.942521973424723,11.178663157710588,6.281947314767121,8.989230291096355,3.2668967043324497
0.6184669491957417,8.968774500945955,7.978147068243141,6.166437853920951,6.325053576643588,5.56685567877079,3.33161274319445,23609525828987.934,6.050531988563986,5.643932899074996,4.728599235216749,11.061441101900714,4.20671794790846,10.133477139225725,3.416291316375353
,8.950710700065759,7.2945376510643145,5.576429906808121,4.781024347530862,5.541976626898591,5.638941323576484,,7.957755725970458,6.9230818424115546,6.00077551813713,10.81612019543789,3.875203854151296,,3.2817190305943176
,8.91225724589465,3.7825536900824126,2.114396860502807,5.684776183356357,5.536834348040126,2.5961463262410813,23139002258912.203,6.721441064377954,7.926359722898398,6.160478553205278,11.445743652865543,5.30257008091141,10.303209857480201,
0.618466789874279,9.711475045260876,8.398797403137412,4.9385692620586505,5.759685299086562,5.593470887066566,2.3482270343051885,23398634940654.39,6.381074654571241,7.987439966647875,5.036596372677378,11.157613414569377,3.8665813978482766,10.605683665049591,4.5310212470672475
0.6184678722415994,8.426226415979023,6.9364428272811605,3.7349864356109546,5.124997987991987,5.444705053488637,11.72425161112405,23389404528316.742,7.410100047522988,7.35667194529797,6.747589386103646,11.596329868489223,5.642636169919795,9.112398874195682,1.8900361756423176
0.6184675554692489,9.82396385739129,5.335854195494763,2.506244761051221,1.956904216591637,5.59072798513152,4.148130599875838,23468076899505.34,6.117937443307279,5.977378638430826,4.3871381078883145,10.363099139821161,4.226547953022928,9.441579232434655,4.4295894864808005
0.6184675402120711,9.717105850586485,3.408304013795878,3.0509214795928634,4.670570144133267,5.559292530803965,3.78616954190638,23336503637072.727,6.975437609712222,5.885847162162643,5.41861190783197,11.534203697570536,6.218216722125546,8.681106499364782,5.515830056264368
0.6184674575779852,9.883637191934787,7.5405524968116735,4.617985790732999,3.1374079776516295,5.515105770484179,6.3052618112364085,23915964218499.812,6.878421777179395,6.990233857562833,6.150102687988001,10.328431975092942,4.372394130568202,8.473688839798962,5.50311056731566
0.6184674399863175,8.920950664873942,5.725703693433285,5.33235322030181,5.105628502407781,,4.624936167534334,23485022317143.902,6.485769214727196,6.075967932673346,6.67697479606756,32.019974797976644,,,3.7788946359756346
0.6184670466810556,11.213781720849592,7.209020654166778,3.9695156599763592,3.5879948573599307,5.574034857828126,6.074760505467064,23782469546496.6,6.5993618993741485,,7.319998798270001,11.142483696370494,5.9205900706334775,8.148044127677002,3.8798881210724137
0.6184675480733363,9.615004301084063,6.336849297342276,4.666559284896879,4.329780741578837,5.573541008553095,4.122688148296455,23078322679427.824,6.469778006527797,4.7277984259992,6.202651940989348,11.998424676295771,9.136096963828615,9.133635258303041,6.336016399795443
0.6184677686102314,10.57874713008171,5.617681483893159,2.1420809385599515,3.605615031482844,16.734558971879526,3.269528261910877,23434958801144.293,7.641272399171039,6.723055256704978,6.286641914066282,12.170116220957043,5.966485681005564,10.224890980524046,3.0127419185005
0.618467821314426,9.940454370251315,7.612565160900653,4.447430801729276,4.351165368022792,5.505532968196748,3.603486291784161,22991844285290.754,6.115488803100056,2.0736819236642803,6.876533035242299,10.992279982910615,5.030022406869923,9.277947131050484,4.475329688397023
,9.149345287742499,6.620620456611027,5.270968838017668,5.065538474040719,5.581995526528555,4.754992465916111,23710709740902.73,7.002366985265577,7.933370006285199,5.606889059953518,11.284020781965728,5.8669676766374526,10.380499852685286,2.773656163621619
,7.399661281905969,16.49998204171251,4.522422661298642,4.23973356196794,5.5010625389408006,,22949203597396.996,6.79825102350892,6.885234019564438,5.590320817785537,11.321058316314087,8.052423088252464,9.193298691285902,3.5846822465185433
0.6184669472448391,7.495074750327706,,2.265975239447039,2.185865673570108,5.5430318975846,5.162117621643247,24115580513395.12,8.162103496338986,8.766168265555867,6.424845786128363,12.06350100462003,5.760405914602574,8.418183591681947,4.254778630419637
0.6184680908630927,9.084697424609109,6.034671263796169,4.014189264080037,4.219402023609411,5.5336168128434915,2.4636556702686856,23122235469686.402,4.88470426165836,4.446107982410644,5.735717141822378,11.868313230202892,7.730023399695806,9.692114319957946,3.9541868679687413
0.6184679904233465,10.91791483730616,5.365655220657619,2.4462531174112865,4.815105479301195,5.501576704053093,4.373202327913397,22684019460901.53,6.763318914182638,5.4499548177172565,5.566917917062483,10.241754568196129,6.171544243801411,8.935661797120598,4.649296225848541
0.6184669179811018,10.249638899028366,7.482740621775768,4.27787519884633,2.0903831787583758,5.641543884949239,4.022309220178188,,5.845224385977573,5.229453694583475,5.725261055193473,10.979267851113056,4.512264545862452,9.801494012074185,4.752411191797724
0.618466997434371,7.089384456353093,3.488451888387043,2.0329666002407674,5.398899435314937,5.465520262892471,4.560392361251767,23857460821604.266,6.222858967853605,5.031270699695204,5.4678909262444,11.04724777211685,4.442178436571597,9.938706722231748,3.5894347084722447
0.6184676155828944,8.710503899749705,4.754324147801794,5.889152869718402,7.344448624984642,5.573247589050342,4.86932369432286,23232238082576.93,7.377708852870197,4.805455453314997,5.74347604251355,11.227763778590381,6.624510577701791,9.810894611011703,5.084956099817537
0.6184668802682238,8.501792409811008,6.7734744042096215,3.353326390662388,2.8176938928087343,5.508537509174217,6.836801180493453,23541322907304.91,8.567354185859724,4.7979978932990015,5.657947918406567,10.532174629266773,5.193136569324671,8.72565590478372,1.6468481510584274
0.6184670742577206,10.243503009499545,7.535658283068435,4.3130559533431265,3.6052218219422487,5.572527822299961,3.856898833502953,23199755758862.234,6.2266179067775385,5.788549770998505,5.0125872229051645,11.112763519749507,6.616518246058067,8.704485325753726,5.3541327707244735
0.6184673770193871,8.97744662063634,5.17602352119938,4.181338671929536,3.9134646160733073,5.585705158073981,5.821230130384735,23374677017053.582,9.164202353222564,5.798717655317204,6.585720650102233,11.321783824731156,5.724532494695393,9.090987552579039,7.118113213553603
0.618466560314764,8.24471721444089,7.871263745831216,4.938455641536055,4.871352253244482,5.552522453638944,6.451540831280721,24037609976412.59,6.447370745120831,4.510266474789789,5.7147596518574,10.834500771179172,5.625611698909482,9.382555248550581,3.4102686491279286
0.6184673201519942,11.06796816656017,9.82090176288427,5.099889333843023,3.597229703961676,5.5448340551185495,7.063748268377813,23400817087672.71,9.15205711903733,5.866820921108942,5.415285311528764,10.558364337105942,5.95699507123858,,5.115789186833529
0.6184663573840437,8.467948735145377,7.42860793686456,4.217825929410077,4.301096708401052,5.490628256640056,4.758050447262703,23356178938209.848,7.0493068606978415,5.353531533510538,5.91166879253944,11.22354772789059,6.324801045538031,24.94241462815892,2.160512442050495
0.6184674139471023,9.696938619627753,5.249811065956097,5.054562427543511,5.7680411642066325,5.569513218749943,5.42711636655166,23388366426802.96,6.152383627499401,4.522029647003135,6.799587228039124,,5.392516832747754,9.432371642748192,4.950941772313993
0.618467818779201,,4.887329287526128,4.841631343855692,5.077337587987077,5.54674660584753,3.9928555726107104,22988173842314.074,6.242036391191674,5.433497073846721,,10.853099406431262,6.761435957239469,9.485551673081263,5.258996156755583
0.6184673549681176,9.109460725304624,6.76434621079486,5.543506604538978,5.623942066291292,5.56021704155903,5.922842755001966,24204376476859.84,7.667057017780837,6.1818267752461935,6.819815516425294,11.837522183015034,5.650312178523581,9.514588174427626,5.40360145609852
,10.154496303577186,7.303024866832758,5.504848362251338,5.567316281121844,5.585635626524501,3.00256253783117,23258172430258.723,5.953891394841028,4.988744434067238,6.320591354148947,11.436209697394133,5.444307321064968,9.716600320744623,4.09227958742359
0.6184669650635023,8.754515958296134,5.750174698366788,3.186562917811073,5.03757088131127,5.485694550151913,4.42670273845935,23147136154117.36,8.825675407188704,9.860619373426733,5.754878794069965,11.477486913848168,6.661652417827572,8.319327282292342,3.8253216045647567
0.618467532229259,8.74097438103728,4.969609848203781,4.153223620418005,5.561578241046271,5.563242524865719,4.088628685991845,22642713458992.54,6.681904018411914,3.3849242453173938,6.828363083479139,11.096709935157717,7.344130054592789,9.713847869654805,4.8261082838314895
0.6184676554961027,8.904836374062821,5.669830231745108,4.8021597419307565,,5.52400047469534,5.085001273499164,23500958749464.754,7.4199613484741676,6.990290017485722,5.588348302922809,11.295810268919084,6.627773926757451,8.695138800292488,5.831904638533793
0.6184675020448537,8.736239779719986,4.716660553553684,4.340604367631146,4.557726863143821,5.505824545389224,4.842692798771156,23861985507031.48,5.934001921339156,4.773037852815659,6.934713207175543,11.255916104538013,5.044546301360686,7.5572416028163865,7.648970523003407
0.6184672543240473,9.877633256776413,5.54357258383189,3.17418174098151,1.9950837545587112,5.550685358947305,5.270182884451502,24093427741799.0,4.852288242623648,3.4326188359118617,5.782290091511234,10.947029160169981,5.2416381818223705,8.25393382196309,4.86842543558295
,9.812068434940418,5.82110016669779,2.428898471144505,2.4620207684927933,5.587697700635429,3.28002465056608,23217605117458.484,4.909364747314749,4.7016506929224775,4.0382789545166755,10.440151501781056,5.225892864661448,10.09892599003788,6.487092077770539
0.6184674681774188,9.657233654323939,5.438812122686378,3.143314903247412,3.27023686331124,5.572517490771308,3.783338565292429,23273378157765.984,5.595076149038711,,6.3280854807673235,10.286313132905015,3.5118546495439413,9.480405622358791,3.153648210032148
0.6184671763060225,8.93647667456942,4.464988088846664,3.1764160689843517,3.72990110994409,5.557652808633083,3.5255296742552713,23308634023170.992,6.579962809832705,,4.745984917009467,11.031619490983816,5.340209983896392,,3.097112411891808
0.618467383982553,7.882020173048365,3.7912777148092043,2.751486107296499,4.649189628440505,5.533974523179655,3.4236949549707374,22947239842591.227,7.33631772982298,5.582847118963748,5.705558628831501,11.394740122193479,6.24246369645363,9.846924878575654,3.3207182685516767
0.6184678657345568,8.984872771621905,6.174039047440342,3.993050661253679,4.019212775560034,5.448929174825236,5.356052094112592,23403645743341.668,7.9885357533071,5.740264285894257,4.7171784032296085,,4.566962066007308,7.964706344374668,3.65018289672581
0.6184665980541162,6.7281843822077345,3.52747229476208,2.953906277094575,5.062970564048677,5.561474240583775,4.239720867938774,23446712097974.02,8.434764510274741,8.945340981892144,4.914460841705337,10.803347649483857,3.7236971914225094,10.199124033978626,2.8644213602913897
0.6184672754630622,6.79517772711206,4.066730376727758,1.8370044523605573,4.838186241524561,16.141593353950384,5.383302586504119,23649406048044.77,9.30916247605689,7.345719656097045,6.314654743574946,10.897601131098012,3.0040952770522327,8.367404276920222,5.2488674297712725
0.6184675387326066,8.944084778798029,6.407533422357891,5.360110753602469,5.455045207238943,5.500275998386264,3.4443305396664683,23039200272420.582,5.908770734918756,3.6941715064422307,5.872426618267497,11.133206601112771,6.10589824926299,8.111653401191191,3.10950088604532
0.6184675910077682,8.597940402852519,4.940240219661105,2.6121824838666687,3.2917016030456447,5.486820654513347,4.406646338295223,,6.7407014445324585,,5.579177911937938,11.05773566116666,4.793835617538706,8.198219906831428,4.148047446047227
0.6184674455377132,7.9169261725879485,8.348909229503876,3.664199345160479,3.542796213184052,5.424644348834113,6.856727751868154,23805634903505.766,,6.699553765689945,6.417136809051187,11.406317171578934,6.216142790464257,8.807799303644387,2.678745219319611
0.6184673236554075,,4.5089519286148345,4.031604785657076,3.3556883104410784,5.466581014740692,3.14618530534999,22861171897589.15,6.064543982776486,7.295232691996533,5.920667193966974,10.685751431677852,5.780181324467408,9.058309680457732,5.552437551486335
0.6184678795157308,10.247554156861053,5.70129183979692,2.9962978818710293,3.613306840608685,5.540519854461014,2.0323604754341043,23297289068136.19,6.8476796648974325,6.356281899858078,5.818478701382561,12.478500249140577,,9.754502970344976,3.447936272488761
0.6184676369172996,7.986994440854121,3.7684366633327993,3.279769661260229,4.230721685543137,5.512076220191814,5.080623895514191,23274458141712.965,7.157732461071372,5.829787752313958,6.197377071792209,10.942279528492227,6.218145539554699,8.532763743342175,5.738554997137315
0.6184674552734626,7.3985422661503195,2.4780840655542997,4.826526287867712,4.828454764381028,5.60338198213347,2.1425606434235385,23192160271327.484,6.984156704683998,7.618239320511274,6.419436863025184,12.287341929664123,6.3960244526893515,9.20022067450293,4.154743226614108
0.6184673457406589,7.563750747160936,6.920525758260872,3.474376923983076,3.117879333136066,5.468109751101887,5.369019917880285,22953025202162.816,8.1518533590531,5.291468100013519,6.379684803659952,11.379527464784205,8.026724552170174,8.349502979981681,4.941999983369022
0.618467459142806,8.681861697111797,5.616167791365046,4.711359858991098,3.693358713057323,5.559599579808144,7.120093867149054,24066083723231.27,7.9924568851446764,5.350975606216544,5.968989483715695,9.965170063496148,2.514222344984693,8.644936074342143,
0.6184676153101449,9.453580747530534,7.128202892825923,4.162157124765083,4.823058260859517,5.5463775628668435,4.479963518462025,23080760008868.086,7.7958168031438415,5.902269620034044,6.343894716492399,11.04775530778295,5.638129882288293,9.308039244035582,4.694929917907279
0.6184675727150389,8.264280520467915,7.138315159649418,5.527688966050704,3.8528468616021407,5.499373021049965,5.197051628957535,23430158287985.93,5.874848439108332,6.706528546516519,5.184780734329531,,,7.7117473798751845,6.54703115495862
0.6184673337455976,10.42408012210838,8.226228312470266,4.282498158338,2.5237059887079214,5.545295762894378,2.88115416290006,23145066732130.92,6.369183164090581,4.708091212011534,5.934545360788902,11.490222378334296,5.551480495992534,8.559963052291268,5.791314236863977
0.6184670695952659,9.530772264534631,5.310756475607261,3.882976228489952,4.349545746142228,5.605646015662039,4.677284612417224,23206108027193.77,7.04894701325613,4.885134742791083,5.429817568068064,11.195306017121615,6.847873012230855,9.865558867919766,3.198434801777896
,8.03857338932291,5.168995606849654,4.882444450241647,4.760723486872527,5.598118389299742,4.317697041990464,23575392240885.457,5.931811540300783,3.262750338773938,6.820806507804539,11.160122236862346,4.775954421333057,9.917339488055456,4.7706415289745605
0.6184672317013774,7.551191947511909,4.57953521874979,5.369398655106283,,5.581563437998407,4.865461287735438,23080942774658.785,6.950569897553299,4.992826708048621,6.3963111499709955,11.510241997105863,8.30021051656547,9.565485451794563,2.9249888498044068
0.6184676977822766,9.667940108370006,4.195932246062635,2.096054137445938,5.213637081032434,5.4876278316799505,4.62552693488986,23667779959319.727,7.722820297931419,7.883335025174177,5.61700433049685,,4.854818791161148,8.829883650933528,17.04448410379677
0.618467524543971,9.469779619186788,4.444935792932262,2.9511218311330123,4.467896210853582,5.518210395173344,4.03590318797843,23808729878810.242,5.213446002461535,5.487490593575639,7.038729328967581,11.924728202194457,6.868652974004102,9.098025100628348,6.874939680664302
0.6184671600343827,6.74083802571108,5.128886028200906,4.152832217348317,5.278570262660925,5.443938975022337,3.3253276929914257,23913384206095.58,6.344572729586577,8.160637834995343,6.482451420528054,12.186586934922076,5.8025000303333725,8.450021401013602,4.0893666210336574
0.6184673256675216,10.679621385537938,6.369265641310723,2.386784307499407,3.560194522697311,5.524608266472408,4.398688178850253,23477311275145.203,6.397331237762775,,6.257647626287492,10.999407171117143,5.096040589879911,8.979321901397926,3.129129524013292
0.618466836168387,7.629549320142896,7.903650461733168,3.897913467087124,2.3558912690932905,5.535671817181153,5.231655447596265,23034242507471.348,,6.847395841901781,7.019685613996457,10.887457683711352,5.363934592976188,9.790265482717338,4.321550920316867
0.6184674068868207,9.267321689132922,5.476365429623321,5.34436791014001,5.991257115659984,5.565964042384218,5.569794909547915,23286926215075.21,6.173672835430148,3.252857019475476,7.500495530153041,10.320047910719095,4.934320428405998,9.85115455064977,4.273179586281371
0.6184670542052971,8.469804381237347,6.057463808645948,4.368937595699829,3.2022966094910443,5.552698455874438,4.79245570049224,23155366441820.37,9.326340093410609,7.180362668568273,5.637823552646439,11.845990248047764,7.165165536372765,8.96418439447179,3.6318565193269463
0.6184668006038813,5.25340433887813,5.689888339664734,3.8858580596253445,2.6931956429474027,5.438088232862448,3.543425853460031,23528198421098.28,6.565240323524624,6.611529577492979,5.5502538195891375,11.233348197367041,4.702812465879933,8.501167207257144,3.6299135651593364
,7.977470317080924,3.224865087599197,4.087747690312904,4.413449046028503,5.553143868718541,3.4674234259248466,22963407911650.957,6.372162662573566,4.765102375144707,7.955791264579678,11.286577736849205,5.681767520095075,8.554407797876308,4.828349397151646
0.618467607766463,8.76210188688345,7.168029594759743,3.35817534697076,4.3854322127425975,5.476934691187645,3.982916177063274,23547364302629.28,7.1913394458012405,,6.140357681521423,11.336134466965156,4.34344200271702,9.317418870708968,3.9011988069668915
0.6184673846334006,8.647817639523229,7.756011701565856,5.242935258651684,5.149725602042418,5.572213782133037,4.068197572212055,23681703502409.586,4.935356871515481,5.301998855898698,5.425340032922582,,4.129935726745902,10.330020339281303,2.916912103393474
0.6184674355574443,7.319800178028628,1.8983217721347998,0.660556420239297,2.8931456768964434,5.530294715549319,3.203841463715023,23119501255158.63,6.394937060598318,5.935174294738532,5.7158801719754395,10.389554167594222,3.34055572797123,9.611607845639513,3.35192245936166
0.6184669202648968,6.2989947332923695,5.783171960975522,4.201528232438916,,5.535573451866276,5.333666649837567,23234869941234.08,6.7543721610303615,4.8868249751698825,6.5171240886357475,11.381175553507576,8.147262383650023,9.921968628438467,4.83176553509375
0.6184677672471969,10.73155024390336,6.048305058693024,2.8868331286606437,3.9995629071795644,5.456231913073471,4.324149128804977,,7.782479053582469,5.798305926793091,7.636800760973651,,4.813312455616307,7.66638648116006,3.1061055572096357
0.6184671467079247,9.668433963090534,7.823625639557312,5.464744875849613,5.289401404633986,5.545539598710578,5.35848786317524,23546632477424.312,7.3418386437609975,6.516989725648664,6.089520867655427,10.839631944260887,5.264583104414608,8.506961830625247,3.995761954740395
0.6184672069500351,8.253512782519765,,5.537477072545362,6.252675364094162,5.4979965135930735,4.376610531695579,23337156470703.598,7.009777092275526,5.665921921729992,6.439563988028583,11.127159822419863,5.379789790312027,9.037223016526493,4.309416599971022
0.6184676564473803,8.028485524750243,5.3129487943136215,4.837672118360356,5.6637169844822814,,5.449739545169397,23349472207539.96,7.464182509303647,6.741684542411448,5.603614968383473,9.866656627107522,3.5784063545865377,9.079769397435955,4.282761141507461
0.6184669951488309,10.266288736318302,6.257903025993277,2.931861474798967,4.11200114853009,5.5182541919832735,5.711956594260073,23438505951504.312,7.437733444905031,5.234232703299705,,31.915973220400474,5.478627457243112,8.669484417841819,5.324946517785714
0.618467354795458,9.011497791677172,5.613629249380592,1.8343279718082135,2.8861296923053636,5.517074174531459,6.557821221113491,,9.199068445067606,5.481499548596705,6.706712377792368,11.397240791206551,6.311201848666623,9.352929069631768,
0.618467247188339,9.223570390834878,5.229648980251785,4.18963133360595,4.686069365750759,5.519349629812876,3.7444729214963224,,6.434749730357523,4.829971613011285,7.266742024018119,11.302795589494512,5.071043353805589,8.735121778265091,3.4678322252747096
0.6184671960810552,9.176792637238679,4.4967953519116675,4.6473607698070305,5.90280796090477,5.576502686139657,4.057893348405532,23000823371741.137,8.30191227665117,8.359483563429293,5.480804005374162,11.432180424813877,6.885995571628055,9.722329482748552,3.064369269145773
0.618467693650806,,5.449297614402283,4.237813037625494,5.339867651440169,5.5217200190026725,4.438872378039837,23917723245655.484,6.868183804125395,25.85137955497484,5.034137594139723,11.229442549531553,4.926742617689718,9.601913210171864,2.6622486800640845
0.6184672821768976,8.408014338463191,3.221184381119333,1.615327401152323,3.141682693930495,5.511895795364494,3.226867260238616,23120683760107.066,7.389861130830865,,6.61785434026828,11.83966711973629,6.267946772888504,8.490568017289124,3.7659059433187
0.6184673950819913,9.51981425118712,3.8391587128094598,3.3571679804979246,4.032525296757919,5.576989148214176,3.687436541513452,23096004614280.45,7.289179679530641,6.551973794854039,5.3770616548943995,11.491193354233186,6.779831533301101,9.000950379915086,3.329975273161269
0.6184663798407618,8.879773768569823,7.4191234177740455,6.814262566255605,5.287467799959463,5.6298206202742875,5.496788405662356,23688769373420.11,7.364737494102206,5.542793830470729,6.471285225351524,10.763551257837731,4.23214022271683,10.018025143345294,5.2370667858750535
0.6184672558438326,,6.174744437542059,3.9511554358649748,4.361619813120618,5.580736337382246,5.307536481715988,24066535760388.934,7.982233104568905,4.5914608643397585,6.332684440102755,11.45839753047506,3.5829716466129162,10.215441176659818,4.798458770455443
0.6184671017634852,8.347493862496687,6.147062161358994,3.9373469061065838,4.1055511879630595,5.49351963596913,,22992585273882.594,8.161752034624303,7.09078099918199,5.8954644272813095,11.628853569262457,5.886615799420109,7.887488151266113,3.700845477800206
0.6184674762000131,9.62623994092767,7.288039845954022,,5.219134841656888,5.531217697996327,3.9690271937901516,23642239049601.742,7.303607274405522,7.224674951990846,4.730860215160773,11.408966823761185,5.150864967990143,9.38044443627995,4.638279756980364
0.6184669093122682,8.5295287544088,4.952048708898573,2.8077611448633406,3.199160311036455,5.543358277602178,3.0382097559838357,23817773307333.113,5.42334783247099,4.966421916400692,18.31430555360462,11.786830436719525,4.899949771911641,9.284720586034767,5.747686157478645
,5.314810398694943,3.881730497821625,5.108897046605411,3.9263261345211804,5.543037375883566,3.265633565960866,23246222911662.88,5.488674490015953,5.0082756211782735,5.833886539222175,,5.981949473474208,9.560516589467788,3.4393189441981677
0.61846730546042,8.77762434356489,8.273839174292332,5.624249178898808,,5.4921459705222375,,23520007956002.156,,2.472608504651219,6.521494823712719,11.136392581777127,4.3957138457086025,9.042261328819647,3.462804400150248
0.6184676927826169,8.795163492753849,4.801692067244015,3.592257615424362,4.891766238666096,5.531253081673785,4.560450931134377,23160888809399.246,6.383957344667282,6.573854417781806,4.875498558162835,10.866538414476569,7.27064255184417,,3.6824236487075908
0.6184680721406056,10.382025984061608,6.552235955909223,2.6738513728768827,4.053452280598861,5.49288736849608,4.418585527836651,23066641516531.113,7.700345680365958,5.3905914731460465,4.4450015653534125,11.148024482077236,6.7404741866554705,8.966138810034375,4.732966542008831
0.6184678447260411,9.88715656192403,6.541016775930144,3.693836861208791,4.086107124069376,5.542800269260571,4.125025660303293,23529001963007.867,5.676090095456017,5.658999243864867,6.286507305588005,11.390483777604658,6.46836598831653,9.17971984029009,5.126952711946514
0.6184675075795718,8.578233324532118,6.766350027780157,4.8701989281620435,3.4113675092515665,5.515518879953918,4.59105789683322,23824491138376.09,6.45484567530136,6.305412690868123,,10.24859940711046,2.5096628849035083,8.049291853854262,5.672026046520868
0.6184680586022567,8.727520207407892,6.168467608478573,4.14650583456531,4.6774690821733795,5.479418203311953,3.896135570879379,22918289918782.387,8.166354680254562,8.035777787994016,4.7167959892548685,10.568002901125347,4.851256490204191,,5.475096337422582
0.6184677324942534,9.156791780937876,5.555091370612641,5.053879140753135,4.356186265110967,5.591815282466064,2.850462943797908,23190244876473.32,6.834777700987254,4.207585301705503,6.917004949646815,11.859265115729324,5.318147182052641,,5.3911572983693565
0.6184665938484856,7.351317082918808,5.287287348998311,4.952215028192881,3.495298803054806,5.555625459566298,4.486712570798863,23577788047730.375,8.061281673662734,7.413808720578954,5.689600013862236,10.48565135117607,2.344886293599911,8.523346439807167,5.2907936669912985
,5.922960174339541,4.8740222794682095,3.7970844061931963,2.6520125514606603,5.5578078957162385,5.351724770546443,23475610590628.43,8.170624749471793,5.2246905482990735,6.615672571580272,11.1302371883087,14.76215848228333,10.092276291578413,4.013984991599817
,10.30963178090205,8.528081484869139,5.8880105750235705,,5.560768019694461,3.8001698089004314,23552323001570.055,8.48087202610449,6.7186533165039695,5.980406215535797,11.454350429670736,3.409332776812011,,3.7303820039224482
0.6184674144727508,10.220755150289511,,3.7070232409656683,4.999446628310336,5.545509748685376,5.355777522067495,23420177915651.215,6.8337937489292,4.820258372708166,5.481207238702487,10.650076087627856,5.638010859769614,8.39495911916844,3.8770518565155765
,7.976517045885753,5.341144401768038,2.65372538940872,3.124311920862562,5.463323891713071,5.257662069423947,23251387373911.816,7.368578921799864,6.09043748453935,4.531554860344811,10.3998293463366,5.623325385974283,8.268614722492421,6.448714884435661
0.6184671856107247,8.316283784649743,3.5518406887503944,2.1075607169088117,3.4137924569415268,5.5406389304115615,4.460342992586416,23460659429332.99,7.019211027854808,4.9289363442444785,6.232075018134418,11.891331454821787,7.186978708803387,9.211296388204783,5.609093682112339
0.6184679526074314,10.034541331315053,6.846093059307983,7.48232569138531,5.34139378076385,5.624271790295045,4.3975139950030195,23553878103710.215,6.757667981363803,4.449651508891545,6.6310434731986465,11.172618277745105,4.531207872745782,8.91345343588822,5.05658278350528
0.6184681309985516,8.160008726486945,4.183018077617717,4.156471005134799,6.441337413047502,5.495217029906687,4.240415209615839,23517522809627.36,5.7403468249983245,4.1546211181379,6.3116421158085165,11.253527771441542,5.835883769922686,9.907623340522132,2.292852775605237
0.6184673050273461,7.7642701979720865,6.619966815590019,4.562549328116463,3.680028806843246,5.484897603192011,3.8582647522129556,23716180679883.16,7.547672912014912,6.67013613563262,6.08154117399909,11.579460480419403,4.1633678371459135,8.180602435562465,3.2554481697642714
0.6184668681254462,5.708833371058601,4.225472201400716,3.8003144786179015,4.250031831469727,5.511600297841128,3.058668862524841,23063164955989.71,6.8919743578490165,,6.289736790855972,,4.931016696066188,9.568229228697918,4.175815384725034
0.6184667583871614,6.982753014188482,5.007445173449528,,4.4780099266454645,5.506789881445808,5.904689367460163,23738387089238.684,7.086020133261788,6.574445386129585,6.224558053152295,10.425360088638254,4.372623827839549,9.638164818904725,3.552654198808633
0.6184677175833457,8.644531767420402,4.337186455707632,2.433751997560365,2.7961277647830647,5.523338334566883,3.304736893556859,23298940784806.684,,7.4533657155382915,6.004338284181263,10.587436012688855,4.577019430018114,8.7495146243442,4.75376715530801
0.6184671475681506,,3.7038556674287193,3.510422943833866,3.681635239034212,5.556223531289723,4.32717634723678,23364260791117.66,7.732334083436602,6.628923306662347,6.361076579302469,11.204264778607833,4.909304862454799,8.547236225511812,7.652961104729091
0.6184680590239864,10.41856480677494,6.389422140993724,4.330860014665021,5.485303350643515,5.5347376035482,3.2901865934975723,23061419757822.918,8.157432014134733,6.130547695220962,5.961670901517651,11.669991087764423,5.489910069706033,9.260275762037253,3.5056391431026106
0.6184674821603491,9.6778325660427,6.312399561602028,5.463229676346689,6.052475881212798,,3.8634567820983627,23759988284787.934,7.878360204286843,7.6890178497977075,6.6135538803180625,12.03394316379035,4.984453104507209,,4.306107725304823
0.6184671306307006,9.712145354675753,6.772515073878274,3.0224833193013576,4.4692355920523035,5.564624173433167,4.775135293657847,23538645723155.2,8.171083232547716,,6.136893587746186,11.495396477543187,5.843429547733425,10.873618654865846,4.202117737723232
0.6184676573655173,8.649072898763595,,3.090130324929595,2.753372031225868,5.498275310920228,3.7282243937434556,23225484636114.477,7.722978681297517,5.048688663466486,7.012230753942661,,3.564243161511528,8.985190232051753,5.054464009960855
0.6184670668357063,7.226478051476902,5.48514331145935,2.8756155784515487,3.728823593961094,5.534862091142471,3.799540764110375,23942612919088.72,5.036222667841491,5.349915487082239,4.973708418776475,33.370863860917424,4.670057438189457,10.62508779145553,5.946719752348551
0.6184667040225079,6.427090800569202,4.745197323655003,2.898562626409357,3.253828364685936,5.460845388608087,5.206711133349104,23837951276808.094,5.272945016948334,3.0174721917618035,5.961244467773783,11.06687607384322,5.893627276849442,8.099950074806646,3.7516742639986944
0.6184668065073429,7.868466877346245,6.8264451663408385,4.603219470719374,,5.527156301259202,2.4787966042243763,23029864524223.453,5.963366261054408,5.389039239589209,6.136504356303865,11.988926800762114,7.400184949702533,9.73955285401595,6.204520384529273
0.6184672877908938,6.092540535815239,3.9843219221388337,2.378876423798066,5.318232498479387,5.400673237095381,2.6168808771387213,23698311836820.67,5.910191129727166,5.734955802842296,5.712790327913761,11.625828251595369,4.094445381966297,9.414570516523018,4.680703833694797
0.6184672269133084,7.727636170207584,5.367246921870393,2.4331994271962643,5.002003651090512,5.508531307075627,4.690457138631678,23435579278029.688,7.396965239048956,5.498686298262852,6.339527243548282,10.88608935813837,4.357528693108653,10.669137723018226,4.09113904651848
0.6184671436756523,9.42380543005729,6.510694605161477,,4.160848906387744,5.556844609194597,2.3406417524149887,23109587495607.902,5.326207367427047,7.210469749451309,5.011560083670765,,7.724911627559449,9.423870450681475,4.051176983162968
0.6184673219764626,9.139632235522729,19.260111282847465,4.166904791155303,2.984919822408575,5.531705939018946,3.926943240847649,23278740905124.16,6.688319902980876,5.0071497606506385,6.82575097106031,10.434693230737981,2.885458189232823,8.109136151993484,4.983298952351139
0.6184669659457372,7.4427688992833705,6.825759543133067,6.748092817358316,7.523325827035072,5.527118638497057,4.387650223116699,24004603424049.695,8.421343193904535,6.6943584420643525,5.484827800839201,11.496494930934942,2.9223750439437746,9.822165554436708,3.3510946782399182
0.6184666576349722,8.27188646022609,8.041137973310141,6.048717341690349,15.499231192748567,5.5248138952819055,2.693838881681451,23351879901181.83,7.120874173289933,6.445531196858257,6.458888702911017,11.903320379671172,4.99415341361455,8.523692839564783,4.088672651113189
0.6184670228313274,6.3634853681179555,3.9536732320567842,4.082694979709875,3.811407568300407,5.484506347273687,3.148855534537026,23541329198465.062,6.017649391077637,4.0973807480885585,,11.324558971941425,3.6255539478097467,8.656533046874088,
0.6184673295188711,7.9412748238816855,4.5709881078369365,3.4875181511669844,3.3295312193665088,5.542023048869897,3.0846176110793575,,7.096380946342375,8.379104527867426,5.325161265280778,11.135385840206709,5.654336238642228,9.43922882164313,4.209286799100208
0.6184682795775358,11.232393617129624,5.7695427757820505,2.500460266049728,1.5438443767037937,5.573487306104933,,24041520895960.094,6.422687486064689,,5.814419141097529,11.24861008809648,4.557716230839742,8.968936177870432,3.505829567701942
,8.412211825772964,3.422284106696562,4.260009021800732,5.690109801813845,5.574349100371537,7.95552472009446,23457535909940.53,8.891280026805228,5.031287049374177,15.760078413217148,10.517795595374572,7.178609831706295,10.11650232600334,3.5917674209358212
0.6184669630782208,,6.053975859699828,2.4630417081482046,3.983426860677822,5.507776563430219,3.1940487448604102,23511340825847.805,6.704220470055235,5.063958015094105,6.50469073130807,,4.098655821628099,9.605334105160882,5.078784882593031
0.6184664716945908,7.089555718910033,7.897201718762052,4.600490911784733,4.835817523810507,5.503936395358438,4.433857909308711,23893730030258.117,5.428960667857928,7.275611058494243,6.191942683040088,10.691067951781665,4.11515478787436,9.747604086043044,4.197298812539994
0.618467753666282,7.432716492504514,2.527068949810863,4.3507830377946295,4.955372474994568,5.581485285316971,6.413356868844737,23354196791051.05,7.858375140505844,4.605715875837251,5.336844666911048,10.979648437426565,7.479837321831539,9.56967200509039,3.121363875742671
0.6184672095081672,8.486414189051153,4.729660031327459,5.184129624008297,5.227932790270859,5.59391074978186,6.267257045792719,23943769334985.742,7.273828715501654,4.824769271173767,6.548872119012299,,5.6292994320439265,9.574232527192484,3.3400225177121876
0.6184679601243386,10.304160499723663,5.511236853801752,3.5369257252688606,4.179514091434585,5.578190423191212,4.872654889945578,23648386227655.684,7.375884799799354,8.647396796598512,4.843529912441588,11.699548813679232,7.670581612075513,9.61897749347135,6.237115122942306
0.6184676251022885,8.741301709026313,4.082699142510588,2.3821339788079903,5.025424036196038,,2.969519154399408,23661997914150.465,,5.891929140727653,6.317314488253285,12.647606341324742,,8.275314876403133,4.316422023802759
0.6184675144834968,8.899783626468029,6.305381896917498,3.813660519736885,2.7424239848786702,5.546068553019682,5.133047041480855,70767263555267.47,7.479826573362823,6.114767828491673,6.497854448955821,10.540318076030326,3.419113751316298,9.217748142133376,4.164844512704536
0.6184676197170172,8.249084561427528,6.045693421878989,6.1225194578406965,,5.538828175429678,1.8777982724364088,23279997303969.516,5.078679113983054,4.80696489141102,7.312171214539876,12.081080783088192,5.894557353418836,9.085834096799516,3.204932887663904
0.618467550837693,8.209143137824062,6.92212923873531,4.911133654837745,,5.513443229578233,2.8036803387245066,23843767331558.777,5.66654912778209,4.6788892624361536,6.779237516214831,11.664934569585034,3.4077392700813824,9.385997085266158,3.2690549227042736
0.6184676311341017,10.368126912808838,6.450388642367794,3.7318181930812147,5.46858279410905,5.503566526945935,4.037762914349549,,4.873542542122477,4.381659503847884,6.822706155727557,10.57068777972122,4.960482754209016,9.676944508064057,2.7307148749245016
0.61846737714368,8.700002654779594,5.883800065919495,3.1541373723658594,3.9690960201970173,5.494730744648381,2.7982752125091577,23146201658507.375,5.840516996630307,6.527071855183109,5.687886498158003,11.0621624846029,5.282940765762096,8.570451868940976,4.767736303444478
0.6184666947737072,7.248637692634116,3.797131007845339,3.745554838656053,6.273021854992165,,2.6246416503225447,22674515798439.055,5.640250913992681,3.5471704379656543,6.568133843711886,10.718060126248105,5.042935629636153,7.488019762491294,6.300928505508811
0.6184672937123886,8.922521545644441,8.280062158763037,3.9830855737579816,3.0845498189061713,5.530911472860613,2.5100902657654762,23303233443670.066,5.9359940181496444,3.844245432986162,7.148866770712134,12.229575876392973,6.187367029581381,9.549367238677814,4.710743205347089
0.6184676739811494,10.253571772678683,8.035053899236608,3.2195122101605853,5.422576680487248,5.458459747235039,2.7610250461566435,70749113275754.8,5.435142799954822,5.655098566154843,7.012578964242593,,5.070107827089719,28.185728037430835,4.693094687832265
0.6184669998321098,9.208276602794472,6.065203298760878,5.1684609917601625,4.557035404774917,5.564748350665527,4.316672995526642,,6.666389025912185,5.10449530402489,5.72320783992024,11.508114546845926,6.451460142777089,8.21840779538784,
0.6184670361445591,7.512125300542367,4.010750749455228,3.342040359518754,4.7926893542368,5.503939144546491,6.234205991837244,23743407250807.176,8.516937939430942,6.4975825732555474,6.530077292774067,11.801300797972106,7.2125257629053765,8.686287671369529,3.696022097926371
0.6184679891798962,10.758575193193424,4.985989800692818,4.11224073119623,6.284939740446655,,3.9969035171894847,23035728525248.293,6.651409682481047,7.297150816540487,6.390909406821327,10.43565444336523,4.8376989636567105,10.278855404761961,4.3125606879304295
0.6184669344677466,7.426235790493722,5.830912318343012,,3.392417721704149,5.539292083065638,4.9458377060106855,23505445899849.348,5.773725498240787,3.4392162920698013,6.9848718917137855,10.807403353040993,5.168249203057944,9.019198438829696,4.756246029010661
0.6184674317151859,7.948186826924389,4.934151582606771,4.978715283727858,4.523301377853259,5.558899564046069,5.239611286142035,23267900148469.95,7.63242039010284,6.151491747093295,6.407627289102127,11.10233452858221,6.441508957294447,9.391142593293946,5.623834299036398
0.6184673439760471,10.453144250378402,6.729538010676822,4.884972068274043,6.186670225276203,5.604120341792101,2.800701295991047,23440449385716.26,5.095322983054561,6.847077345828453,5.531460931366319,10.844587607456297,4.370211260134588,10.717798522863836,2.667487068432794
0.6184672893317709,,5.517077349801667,3.4176474705811133,3.892104150079164,5.564059669339807,3.1588105928830656,23256209931865.062,6.983280330755823,5.229522947413574,6.010076279613536,11.60408702334299,5.301741947159864,8.773945988297463,3.8969087384632317
0.6184670956681003,8.056306280978772,3.8146200549831404,3.483456588891973,3.9887280802349174,5.6077323697736565,3.0873985176286554,23380999105804.625,5.942285227461793,,6.890447160174777,11.402301409356985,4.728050353901958,10.239027567543774,3.8558730254062654
0.6184671921270387,9.005478157056382,6.2141747854664295,4.2053694233188805,,5.530597989130618,3.9661561792576108,23388319764775.66,7.407349524803299,5.939047125291633,5.905034497343547,11.546339387502435,5.639389459696662,9.872610858244093,3.7691824200387036
0.6184676285698538,,5.797908827820263,3.8523753583941884,5.052140005998801,5.581921389256768,2.615827854635669,,6.954829018580676,5.80309391695104,6.325390296689392,11.435620027098516,4.777475823588054,10.408599721356195,4.650276782489684
0.6184679951924138,8.96675899448543,4.675676319889681,2.1346968817041687,1.075156643715745,5.535290392713568,5.602294401775792,23719316254205.527,7.978968606911044,5.2352936045285885,6.4719508019509,11.311629164646316,5.1395690587801655,8.566217939585238,6.934601241269428
0.6184666804793189,6.591110640333065,4.642558064286408,4.647863973464477,5.460803428709454,5.541836903597779,6.144100891241952,23509223404712.664,26.41140989387991,4.697494785746721,6.109361303477805,11.543165383941483,6.6896967111880885,9.344984421221179,3.6136710711941045
0.6184674181028298,9.592114946562972,4.502252401627836,3.5037641081744435,4.395860564731969,5.624612519312068,4.154867294861219,23304489842217.094,5.501163102752645,3.890423845484599,6.2088932805060395,10.60197899171789,4.91344917061809,,5.8126770294340915
0.6184675033518986,10.132430456751598,7.876997064414885,4.7770724393330095,3.7440317258385325,5.53250585795721,3.8967838988755825,23218139822689.66,7.494689758269109,,6.1569679567619335,11.385293459182211,5.389472394033388,8.391512584169925,4.608999453870093
0.6184668529459363,7.63278751965766,6.646235617464533,4.3421391754334255,4.662803105489169,5.4868051421593735,1.9969079153522815,22895052753955.297,5.841985264777081,10.70019415738358,5.897222294161616,11.591362980055834,5.775867993669042,8.301121700664229,4.694946553149031
0.6184678053861097,8.589368721445892,4.9615883803548595,4.982063340130836,4.1009851050817,5.560597703413505,5.443976636220767,23401271943368.617,9.189958200469338,7.537907619714828,6.1900254191081965,11.108131746564991,4.965015075445633,9.336782196119236,5.395607621928504
0.6184676753922038,33.01884757439827,6.5604314265027215,2.893750524618969,2.643055362122126,5.598701465626907,2.7997244150484337,22802694968227.81,7.949252869979911,8.444971364753842,5.830759121348938,11.58312592248844,6.40085430776038,9.872367164705059,14.311554894513234
0.6184670109837923,7.604759379530207,5.29168432932448,6.045264792210527,3.5520823538671666,5.600392700920789,5.421325159134554,23688055377006.38,6.73958582012379,6.514357106771863,6.058787595109197,10.274594652638376,3.813724422671548,9.430742045906474,5.3659489835196075
0.618467399088188,9.247577825088705,5.8177773350246555,5.397262426198271,6.122001976168361,5.57389471715607,16.528368874032022,23916652609922.633,7.695781577123356,5.425009711190115,6.277975105626405,11.321673278500466,4.658621761643711,,1.146845599592693
0.6184677401117448,11.513555448421117,7.748269274689232,4.824139125057892,4.371794226872739,5.586726773802973,2.7288345761979307,23628468757141.992,5.3753893083772,6.600128821550294,6.584381595730216,11.345232144587962,4.097570046603693,,2.185710508875314
0.6184680902848121,10.530835305524734,5.767011147755303,3.5306791989984982,4.008426040582571,5.504159117613093,5.706907426339279,23796125819361.07,6.204175503137855,3.0483861901250218,,10.324869641816003,3.10020638179298,8.091710900895425,5.84259544105142
0.6184677564038004,9.396951208394253,4.594471072029392,4.608693391484029,4.126801456942655,5.575588639645183,,24338865121245.66,,5.973502626648986,,10.85290145055214,4.18242057689837,9.197393082732427,4.690421915546097
0.6184671979032316,9.037506249707617,5.7547694234783044,4.3455101172069375,5.944842286771679,5.5691284863759005,5.301908057763005,23063450168207.863,8.874562349440547,8.022427948692831,6.19692105679,11.30252090315848,7.1918778963068135,10.27380169746518,2.6580641212863436
0.6184673233710185,8.944462131375303,5.202417290887308,3.52601629161757,3.6338441167099242,5.531976241294201,4.264139266108971,,6.444626767782522,3.347003834568192,6.919545920078971,11.610650651502805,4.266842824352567,8.562464398846927,5.297131904797037
0.6184672779969514,8.820955154717653,7.091723534587586,2.936037690342414,3.248214485970807,5.493591343651281,3.3986160542519683,23550993818757.906,6.484372819111778,5.66613251743077,,11.064183519088198,3.8817650472710667,9.263252893345568,3.2184084500656494
0.6184671985758889,9.334351371284168,6.043050057277581,4.316569637436776,5.409631028812656,5.570235256299042,5.4101064178047,23125025653732.41,7.4270745457404965,5.059083456689781,5.327618893989234,,6.339880926893127,9.41301102524182,
0.618467085699454,,5.647238149857095,3.3504384061031285,,5.517922719057575,4.493064437327366,23642658515104.055,7.692749611132733,7.917719054805297,5.35282370184958,11.365756789987188,5.335281850393265,8.588786700340961,5.481713293084072
0.6184669880612913,7.376102538620321,5.315426233800579,3.757467275162462,4.788923838400485,5.506730619737317,6.184624144108361,23592845262116.438,6.388510020656474,4.994401723158621,6.318464647289126,10.056553928598406,4.678308228777101,9.688441719730811,6.30973920515191
0.6184674407439983,8.946527240178211,4.508283369972634,,4.075753513400065,5.57072505536405,4.835042090665901,23656143578976.168,5.852325686713607,3.8601748971890424,6.128725149310537,10.749048624595606,4.627657370261534,9.783348980064792,1.6266431218156223
0.6184673953191762,6.890671403887816,4.909030398973487,3.287226310896113,2.4870046553794842,5.4609415666999475,4.254255748127649,,5.602536834210128,4.707188351515962,5.719892883796225,11.062918221667665,6.330637035187913,8.025531678872856,7.182043467877589
0.6184678152069141,7.50262325042632,5.832607192207393,3.05629257113449,3.802908823433053,5.440518232511897,4.677138291091224,,,5.412862109868798,4.932719739397192,10.737293015996881,7.971568847151156,9.01884168922423,4.500796809004257
0.6184673039793468,9.425206239874914,5.19334802549557,4.873069890233539,4.3816544701686455,5.5879713199791325,4.916679901962579,23461803219776.22,6.063764216170148,4.084004368855984,,,5.744735785939474,8.799407505088212,4.243577743006751
,8.58446655922005,5.970370710267934,4.696029697685301,5.4900076140745915,5.473519398128028,1.7843353102834136,23073379664914.836,5.950492703493689,6.0585411034025345,6.802255946122019,11.971251935791006,5.910396071028496,8.500512967774313,5.874261297624652
0.6184667549884056,7.88681014842583,4.69892734545112,6.421373846022838,7.929584271445764,5.638046101520052,3.047814307150084,23069603885701.31,7.038780412475112,5.3936573937653325,5.115724190833155,11.770156288156294,6.797172426523957,11.181276900073728,3.5965495361455746
0.6184678123949852,10.993815064924696,5.287540128696802,3.1490427583597356,6.310211110992892,5.5427364377128585,4.6409516751757955,23318878032246.812,,3.5860032927253296,6.096185352410611,11.810708666983697,6.70263489148296,9.541175272416035,3.270350363645395
0.6184669374940631,8.056943811125128,5.602886726963784,3.4469523553581602,4.040811332505774,5.512488261876258,3.853684614139568,23252927766484.312,6.553162662506733,5.143181114582687,6.139600236965616,10.501397518662268,3.5808987830638013,9.19889240546746,4.192380228588506
0.6184676698127036,9.82250536602815,5.507338534387595,1.6904170136339856,2.6981198160262525,5.607402149914694,,24183814755336.996,8.726706275570004,,5.942679097971959,11.551924389952184,5.910038339340383,11.098764276832807,3.934107716704015
0.6184678989764237,10.05837697839199,5.895872438141542,2.4401119226572625,3.6942619741256797,5.50725359879212,,23573979280186.258,5.098158408249562,4.866005311023926,5.1548834936421475,10.732563957009045,3.9733553349375375,9.127862831380595,4.871984974480845
0.6184667091447499,6.645170813008515,5.10869196963093,3.644940159595021,4.228114898498729,5.5080737811276625,6.870242730508277,23721977991555.977,8.089571381673622,6.364621277004654,4.931306553701233,10.766836918624737,6.431254673424151,9.892441170219525,
0.6184670211633786,8.053809506375197,,4.5157850748597514,3.7639178789886665,5.565661951935487,3.919151147201746,23329313846597.945,7.2550374007028795,5.198659465848402,6.787104184956108,11.574385914267193,5.455201429408903,8.551679560825136,5.4607275634335695
0.6184662613207793,8.097547474915695,7.4061850534421145,4.872523974345817,4.6967503352970565,5.573020998725027,3.6363787422027363,23311728071254.7,8.54410636015011,5.71843270174352,7.211308158841863,12.349255474944902,5.930614471495519,10.239640533302023,5.732952359439909
0.6184670628828808,,6.13293360431458,,4.632114081667892,5.514275494054677,4.432308633535651,23702604977694.32,6.90166294048746,4.516524088121196,6.375710030044014,11.851972454940679,5.977655474450407,9.533414167685649,2.135158328323072
0.6184673296713628,23.611859468447975,6.210761527978957,5.738974612508138,5.829510351083167,5.507099609342215,4.0224972750504975,23005411885388.61,6.96956770643449,5.1439794920955135,,10.572406799838504,4.1609528420890625,8.940118111616792,4.363044396577489
,7.438662582480506,3.7499197420977657,3.6891381693097354,4.468885175778443,5.530313067146959,4.119504366045512,23827057191529.676,4.885219769559321,5.947224699634255,7.2903532021570125,11.64261190130448,6.420519659933734,9.82322094799702,3.2459945442854177
1.8554028128217976,10.586439415904042,,3.4725996786471702,4.541393910893274,5.516203068890206,1.5379679448697872,23223862963024.117,5.916482807946751,5.2194428467092635,7.018080727642143,12.247008665429899,5.437600836942685,,3.3548143995631796
0.6184667980160143,,5.645277321903695,3.3134692732967554,3.8373669201594334,5.574818338747121,6.091393733797979,23868977456223.996,9.328139424552255,10.190698671477282,5.9340155267901205,11.327456244733808,5.335967638391058,9.793459902610861,3.8314406727112615
0.6184672949025518,10.168563156122085,5.724670344629313,3.298084096710992,2.4532847077330975,5.551626928316485,3.2190349842033124,22837506928097.22,5.936383319477792,6.239275322616513,5.576697368920766,11.04777602418521,7.102837102421052,8.161214675424603,
0.6184671243772037,6.361082701925344,5.658526763952072,2.9754977720261357,5.134936326868539,5.424229717957511,4.860645723390806,23907721020185.508,4.915125226751241,3.8022229812068344,6.450858955121893,10.548210203050163,3.8934350276099003,8.951321162974997,5.486046029967071
0.6184674620301682,9.834920727953078,6.86075080171297,,2.353228386184379,5.561844428049177,1.0678866230946509,23187918275799.105,5.982807811260881,7.154501614574184,5.131795167412791,12.141892862125362,5.810125620085358,8.973292587307252,5.963173283909481
0.6184668259893431,6.6508626718370065,3.6056128522490183,3.3453994327046206,3.9862713817326036,5.484839731677414,4.691751522272804,23396198723309.703,9.609811657483261,8.178672206260503,6.70457763762777,12.599349543172721,7.724870715092098,8.691424134059048,5.63988003486286
0.6184679229435426,8.885564523862499,3.840356392976859,4.0008314124230395,6.9873695938173945,5.536215132250086,3.1375547907384673,23207628258434.293,5.321861632436248,5.508946020592237,6.158006502773416,11.511874706037446,6.991973456433926,10.126499691070201,2.35511587292759
0.6184675727628831,9.94740104165058,7.090066315436274,4.665954601150675,3.5484132752337763,5.583526082990431,,23110265837581.355,7.093334021880207,5.675384335303148,6.4061969911951175,10.228824439381269,3.5683131695826047,9.756823076795461,6.747742936455897
0.6184671731921049,7.9551543043311765,3.6899702098503004,2.523271794552108,3.966725689484556,5.556215395708605,4.558992110737984,,8.135135596340112,6.203450262522869,5.570618948565431,10.932148439196263,5.428535498932326,9.750099123113738,3.1130835237264005
0.6184668942424897,8.088901554362822,5.9844970630022045,5.364850802104073,6.179130964435072,5.5463013413154645,4.822709844796054,23297357799476.98,8.100703667852896,5.35094742226091,6.0803716303441435,11.438724921904189,6.095626605829211,9.633342274276249,1.7912578249399267
0.6184676250418579,7.865702968383282,2.651010538314791,2.2448149508728226,5.7297304416038894,5.501740456133387,4.305100366869099,23408019047039.977,6.228311084204407,6.195323612084432,6.129498399412181,10.891399453081577,,9.898814297501241,4.611017069217781
0.6184668452949234,6.495613755835017,3.543203388360967,2.340668606368331,3.2932354040763405,5.483238302833386,3.9438127954546163,23030176720976.293,7.752065045151783,5.807882765851335,6.335682129200586,11.299457844014183,,8.426212417702358,6.373523525405486
0.6184668740166315,8.744618871357314,5.296275818075009,3.8702562801977543,2.5755528691886904,5.592602526438954,3.67365653331082,22742563342779.87,6.604003508466446,5.3490869397121195,5.611515328023753,11.267383800365147,7.928883229679876,9.296280567260018,6.1861109527462865
0.6184674186776957,10.314568168142564,5.715039509040679,4.752265679764566,4.587345458830363,5.560800481392091,3.4694938642009774,23248794422245.395,6.547478041122069,5.707664320499261,6.888125115156109,11.94002257856069,7.0115769612656536,7.767934431453368,6.352424890319562
0.6184673414675705,10.530094600784969,4.254358991634461,,6.1983694705273,5.619622997328233,3.2634950084072836,23359237078993.53,,2.3989549614057033,6.968640753219688,11.049089450753444,3.907372070491506,10.387939656242338,4.831384754998214
0.6184674472233195,9.228006801832503,5.031495823243563,,3.6814392592906806,5.508212579870334,3.144718608350914,23764299248734.367,7.210676728290671,6.324208113842568,5.177633847256347,11.917197393501015,4.531104943887867,9.171152979953481,2.357288809197749
0.6184677535593402,7.4222298013682755,6.87272220698633,5.765347876372839,7.664800702025403,5.4427668571293655,5.53894747719658,24082940812040.332,7.27389339126856,3.886052334927866,6.481337324176119,11.640908484497336,4.948460891358155,9.40096071894528,3.8810243242738456
0.6184671323929894,7.030655683917757,4.176653061884107,3.9132555675134877,6.611572220438108,5.485820716081596,3.277583044182751,22823292642406.55,6.117713563888883,4.908333702369282,6.062868746808797,10.856927391159797,5.9334436705762466,8.85141883444285,1.4881578597204148
0.6184676199472143,9.054967311705251,,3.3641077640129122,4.269376771114886,5.5709072726946935,4.754944118652616,23298302333526.81,7.949350296101091,6.996018353820629,6.270207676059831,11.24083064276219,5.872293210548103,9.0951597362718,3.8917600865409883
0.6184673744883884,10.918680280136796,7.962427963771991,6.178154331997161,5.634283524536554,5.548798678369688,3.7720957923481704,23576179804291.258,7.135732870596769,4.78338440831225,6.4582932622541325,11.163820046271406,3.174287530664926,8.315179679913587,
0.6184677573375058,8.572343717234551,4.7626759556994065,3.581142236109623,3.5689122377708604,5.498943222285611,3.2389638200394746,22914195717611.33,7.53365269190795,4.7739569097844585,7.084448338586867,12.27982016240776,7.685344026389939,8.562905632393841,7.258146472880448
0.6184672005965787,7.991854849116759,5.5580006967977305,4.861630882155621,3.991365943565656,5.574303272398978,3.854434613786919,23780389505252.293,,5.272769998143942,5.818127313113194,11.945716312563803,,9.614232352934813,3.7853758622839564
0.6184672189320033,9.694349344958217,,3.489907251308009,9.152120321130232,5.53295589874124,3.6391560960715537,23410398664458.375,6.307618339792623,6.501216322149608,5.246735759375156,11.231652068203449,5.723730908023449,9.568751438470004,3.6815425623543785
0.6184669369745918,24.01257494998781,4.955535695342066,2.954812085211098,4.552884199904359,5.533612099873833,4.633763986793713,23749966843582.72,6.476841756535495,6.4808399993061405,5.499778313972408,11.323294712919441,5.883974395340461,10.168038742749761,4.885475346653775
0.6184674610499747,11.840305827894413,7.059858783868868,3.5893864397772526,5.4158418673607684,5.58978320795571,4.050866912538063,23398235536399.37,5.772246794725669,3.1304561380797273,7.082866812344573,11.821476825276152,7.051666798228941,9.804192902352698,5.0378117710621595
0.6184669764055046,10.117299763609251,4.919005806092202,0.9200518804154745,1.463932463182148,5.565023968014414,3.3033605902236833,23560941668421.55,6.729669935620113,7.165836652066427,5.1919128942437505,11.263338295153218,4.390480354804118,8.57656118168602,5.282965879906858
0.6184669280937126,,6.416324473497142,3.5341669524400756,3.3497311661790143,5.4712302693245976,4.759554736336475,23245025846805.824,7.0571736096287685,4.833437485050335,6.923878310082655,10.612392689555882,4.385280574735665,8.932102949114585,4.481421192297325
0.6184684342488876,9.933676071343983,1.7940617347133312,1.8851653302372655,4.545391603701634,5.561445757642282,3.7213311892844105,23476310496040.273,5.717136990959987,7.2011666371043255,3.8813158013510285,10.473718898260579,4.77939653005314,9.109167437317499,4.709311873262956
0.6184665483260409,5.98754927338153,5.5173931358034265,2.8495144548012052,4.319266723694388,5.459883147585941,5.127497801198163,23112424626742.79,8.567942441414464,6.956922368720676,5.036844838084139,,5.31708439926097,10.068338595269351,4.329967772012546
0.6184671039985459,9.907203676769884,5.28479688071014,4.90675153611731,5.038290096181629,5.631416565473549,2.942477223460838,23437399500423.363,6.977838951569272,5.8173177239839005,6.445924612033086,11.623223412812933,4.206515430683202,10.310579404781016,3.1296809993477757
0.6184673490975632,8.725432493734077,4.211574188306098,4.192014451879246,2.497939678571001,5.58576742872415,4.108731933658184,23079096857722.773,6.979490265481574,5.76414112267059,6.237564596149313,10.833383925993434,5.323070265196223,8.50334540127831,4.994713805800654
0.6184669542609478,8.517797695485239,2.7868046012597607,2.4810072706119666,5.313319396191167,5.587043684202954,4.79516605243102,23501627851094.02,6.610791221947893,8.693937433137,5.5498883194205675,10.636731259829311,5.533456715811971,10.121391358928207,4.736122984550851
0.6184678677364405,9.996325237353128,5.576563174848254,4.288267626472279,4.803371227940191,5.517840115115785,4.154062023682248,23888608446699.008,7.410309839898364,9.861029365205047,4.99145107843465,11.399461081204459,4.823328781266829,8.004104152651733,4.066474650518449
0.6184670741722205,8.221417805001296,5.357239976148169,4.106552628525018,3.3534160012796104,5.620348631027764,8.68275394693591,,4.696259081590085,3.751914609062379,5.445927186424603,11.183793933568124,3.6871211736738085,10.569121935483034,3.3998730670842208
0.6184675744737087,9.47188030081394,5.5660158893505605,4.047570035446482,5.799645785150682,5.490294073707312,4.367003920114111,23803253758321.24,7.15228119383067,6.6154368067072005,6.030390752995715,12.398394374971344,7.536353490925189,8.31922805363995,2.9794352569091673
0.6184679248788226,11.388133468644789,6.164439779443005,3.7294803881501952,4.734049283587725,,4.497187220017903,,8.49781024442538,7.0170562606807305,5.812378999216191,11.70904852854789,6.503634892628783,9.317431401396467,3.4148373601591615
0.6184669844281441,8.383016205957775,7.252035537909816,5.16151399726734,4.363358124779013,5.544256741815489,2.6569547756543215,23118022601244.65,6.103935379012778,6.6629098313802615,6.511365588719947,11.399190979642416,5.534317839808432,9.317225016300894,4.091365670911994
0.6184675747264715,6.03800392037089,2.7440037489102753,0.37593298291294663,2.9586730332323903,5.429576466024082,4.694693751892797,23833950397310.582,6.462584115742235,4.72098001264035,6.494714582970366,11.423405748271554,5.04305279808444,8.898253684821523,6.342210303789237
0.61846746836233,9.72128068915846,7.6195892334981075,5.949311234052297,5.269948035328089,5.558863736818416,5.270390666411221,23141005246533.184,8.358400363329435,4.122697854487935,5.932849826602649,11.362305405671304,6.709417625901719,,3.285340218000571
0.6184679992281473,10.621520249835244,7.649202599717369,3.546345365861942,3.843819789143784,5.467322106923278,3.1177101403438727,22954210276395.11,5.820485203378001,3.693153847371618,5.2996862014700605,11.321436781930032,,8.152812054442407,5.305694033964272
0.6184680199573894,10.255650493947645,7.226285851811095,5.103766736244488,5.181710900199358,5.475256425241292,4.083252744262037,22571928918758.086,6.970920733031605,6.967802846947471,5.419406734029498,10.51930617535165,7.211541516260221,8.207160844101073,5.162002666991598
0.6184675971243847,7.157005989424166,5.346957305494733,2.6538770860696475,,5.464004008754756,3.706063051230455,23006548940709.316,8.229514394911032,6.255983363107948,6.080932746653213,12.087882123264304,7.545987314571395,9.55052499930944,2.659573381365665
0.6184669044940535,7.623753092390792,7.24630527108766,6.097243620220852,6.860738028535431,,5.950630608705494,23977035233248.383,,3.5660906298796253,7.1177778089228765,11.556424180313945,6.2864022885733695,10.283117813461077,3.6355041635831964
0.6184665263839203,9.06226516164764,6.617703973461704,4.093845270343476,4.875156343182703,5.473807974935856,6.152941932014231,23460818368937.94,8.176143196368656,6.19553928654499,6.409242067260077,10.903263689995024,5.93497121940725,7.328396381157808,4.447461109465504
0.6184675498024153,8.88491962990682,5.249544002602589,1.9050855159864486,3.2837307407821954,16.515031866825083,5.906621684577162,23259984772592.137,8.385748407530638,6.469817739325539,5.509611190252438,10.500390504480116,5.462443654367069,,4.936691367138072
0.6184674059824594,,5.452460641359649,5.136127051458004,4.787708499603166,5.579201731369988,5.030215586001592,22987775901595.09,7.763143759832653,6.32047093657968,5.483718457776868,10.821264720305305,,8.492865126302032,6.637212704052162
0.6184667901621375,6.589238813519864,3.20007087324731,3.037715726992038,3.480504775324623,5.556058121839402,4.785362189180108,23396942358244.47,9.007705422350373,6.036842977460985,6.144352826673696,,4.765638046782894,9.221313931306025,4.47349375939927
0.6184671090553577,8.509603481410066,8.078000959181773,,3.7515009219461843,5.517807730708876,4.227283216769671,22915297001790.875,7.451030774526695,6.886097610352317,7.279663662106813,10.826137546892857,5.445538452360907,8.938123542571358,4.703006355149788
0.6184666625838089,7.435348621877275,6.8069601506119435,4.280838511836169,4.0461164538155865,5.534085499422108,3.2156061047199422,22943322104151.633,4.7504189735884985,3.040570319075319,6.763536678052987,11.497014645302796,7.872531711284357,9.58880744865555,5.999757081251507
0.6184668019378501,7.4802173689725535,6.069224760685103,4.072582647035449,3.679330944889628,5.538857231561379,4.207687491845423,23174605021914.89,7.34937499460637,5.844713450513121,6.54159682238208,11.090011252413328,5.308887622701705,9.289147957035127,
,8.225431457823934,7.333178505422711,3.76535274498392,2.708340860353839,5.483974012815317,2.7650242760414416,23206920941131.51,6.146355163111329,6.597909708114766,,11.517876210552766,5.89108145050642,8.654856036929827,5.875547809801084
0.6184668296774057,7.728133611662163,6.748218840388023,3.456307644113295,8.948367580982703,5.49685522866578,5.474501839531528,23827444789820.906,6.285095392683574,4.782355291394499,6.803816635846635,10.567954571094138,3.880891920806436,8.745559081509157,6.9178636483058344
0.6184672661337718,7.086689356867501,3.767997581892326,3.4558248794295032,5.791428775547237,5.530850312610763,5.419720094928376,23724307731189.21,9.011988446235911,7.312269599820564,6.423629182873744,,2.276823839525309,10.177499292006782,3.0760032871671856
0.6184676890077218,9.474404683703346,6.736906090903855,2.7195344006728503,3.5353710845828976,5.500174731608008,3.460805099107393,23725705792854.637,6.002949366149102,6.668802693273518,,11.2657220422541,4.648590416572576,9.4840529172937,3.4024960660794146
0.6184680112859046,9.135830853858721,4.789215846744147,2.0290012067608116,4.48015477470422,5.538545711342737,3.709698276265868,23477926527000.06,4.935608940791882,4.697261995286016,6.04029391605534,11.11385494568172,5.862988117445685,10.680304735845054,4.618635639305382
0.6184671189285886,6.835175554365478,3.590673099952871,3.4829370310558536,6.781111362210295,5.553849972580726,4.052841374178325,23250169837352.484,6.095449386414854,4.999661181364942,6.11355564183961,11.173455831230301,6.337444557562999,11.229486633899498,2.400157226094744
0.6184671193460456,8.025240446752742,5.731508805663576,4.364786807161512,3.8594726308975384,5.509914005049876,4.854209026120911,23299908041835.414,8.446594170420848,6.316447732944261,5.305475696217657,11.272232785792413,5.858142461949622,8.125334338453882,4.108908496640076
1.8554014678745299,7.95292652266372,7.319628647218818,5.231676789811151,5.386176469278701,5.497249720320579,4.204128877625116,23276529483881.016,8.9861709902818,6.462982225302175,6.080028782694237,11.909741373268503,5.896121932174127,9.03300917648034,4.545886312037077
0.6184674698911192,9.309759651810811,7.197849815031369,4.953793203906835,4.861567459608909,5.600917493361768,3.10859858612939,23420913718583.688,5.651645854273355,5.667409311782005,5.576697962886015,11.060322839612429,4.673715712462875,10.340236335248186,2.6317231221871134
